method,target_hr,mae_hr_mean_mean,mae_hr_mean_std,mae_hr_mean_count,median_abs_error_mean_mean,median_abs_error_mean_std,median_abs_error_mean_count,V_mean_mean,V_mean_std,V_mean_count,A3_mean_mean,A3_mean_std,A3_mean_count,mean_temporal_std_mean_mean,mean_temporal_std_mean_std,mean_temporal_std_mean_count
cvae,60,17.87709400363228,4.592416820153101,5,17.918144203567284,4.930639627644652,5,1.0,0.0,5,0.05533333333333333,0.04374674591072778,5,0.17948831294570144,0.010232764306746621,5
cvae,80,8.47002026597328,1.5793962493910556,5,7.279616931039503,1.6192047477909186,5,0.9999333333333332,0.0001490711984999618,5,0.21153333333333335,0.06260573278684452,5,0.18102924106261276,0.013206162200729402,5
cvae,120,34.09284825899449,4.356769511306447,5,34.79128706416102,3.65523432591629,5,1.0,0.0,5,0.019466666666666667,0.03039426115422303,5,0.19781552967592092,0.011737529723762675,5
gaussian,60,7.0742812121099075,2.9374974288004942,5,0.0,0.0,5,0.9805333333333334,0.009093954035511734,5,0.8808666666666667,0.04364986954288765,5,0.18522079104070105,0.011989953849857347,5
gaussian,80,2.899168239574604,0.9944521837431528,5,0.0,0.0,5,0.9887333333333335,0.004251797005711547,5,0.953,0.010585629672133593,5,0.15388610494157104,0.007145236605148444,5
gaussian,120,0.0,0.0,5,0.0,0.0,5,0.9939333333333333,0.005619410803436479,5,0.9939333333333333,0.005619410803436479,5,0.14350216658942908,0.005695538260651593,5
no_condition,60,16.0975889325649,2.301030439658374,5,16.54507235338918,2.2246724955400676,5,1.0,0.0,5,0.0632,0.030343038740376683,5,0.16191493723793132,0.0044483863226476425,5
no_condition,80,8.084361319935626,1.9506819924703733,5,5.9094681275976715,1.3799199087616163,5,1.0,0.0,5,0.2548,0.03860310868310995,5,0.16191493723793132,0.0044483863226476425,5
no_condition,120,45.07887294570631,3.1810184362836043,5,43.73359237810574,2.6865724219107987,5,1.0,0.0,5,0.0,0.0,5,0.16191493723793132,0.0044483863226476425,5
no_hr_loss,60,16.467410103841523,2.9988247485592647,5,16.88824354441605,3.134034559086074,5,1.0,0.0,5,0.0622,0.04461726123374227,5,0.1630699155889049,0.006914641351319317,5
no_hr_loss,80,8.152116978831689,2.5645571823411184,5,6.487844841242901,2.0932801503814162,5,0.9997999999999999,0.000447213595499963,5,0.24180000000000001,0.05151407574634336,5,0.1629605929683195,0.00661945951419535,5
no_hr_loss,120,43.9341149824972,4.410785186613078,5,42.82162687031767,3.685405335446736,5,0.9997999999999999,0.000447213595499963,5,0.0,0.0,5,0.16301439556851807,0.006704616842538044,5
