parameter_counts,decoder_latency_ms_median,decoder_latency_ms_p95,device,dtype,num_threads,batch_size,warmup,iterations,cpu,os,torch,proxy_parameters,decoder_state_dict_bytes,decoder_state_dict_mb,fold,seed,checkpoint,scope
"{'encoder': 282544, 'decoder': 84081, 'cvae': 366625}",0.3233585002817563,0.38872430009178055,cpu,float32,1,1,100,1000,x86_64,Linux-6.18.48+-x86_64-with-glibc2.39,2.11.0+cu128,18209,340199,0.340199,1,42,artifacts/cvae/fold_01/seed_42/best_model.pt,Kaggle host CPU FP32 single-thread; not laptop or microcontroller latency
"{'encoder': 282544, 'decoder': 84081, 'cvae': 366625}",0.3231725004297914,0.38190414943528594,cpu,float32,1,1,100,1000,x86_64,Linux-6.18.48+-x86_64-with-glibc2.39,2.11.0+cu128,18209,340199,0.340199,1,43,artifacts/cvae/fold_01/seed_43/best_model.pt,Kaggle host CPU FP32 single-thread; not laptop or microcontroller latency
"{'encoder': 282544, 'decoder': 84081, 'cvae': 366625}",0.31856350005909917,0.3756525504286401,cpu,float32,1,1,100,1000,x86_64,Linux-6.18.48+-x86_64-with-glibc2.39,2.11.0+cu128,18209,340199,0.340199,1,44,artifacts/cvae/fold_01/seed_44/best_model.pt,Kaggle host CPU FP32 single-thread; not laptop or microcontroller latency
"{'encoder': 282544, 'decoder': 84081, 'cvae': 366625}",0.3283810001448728,0.3836882996438362,cpu,float32,1,1,100,1000,x86_64,Linux-6.18.48+-x86_64-with-glibc2.39,2.11.0+cu128,18209,340199,0.340199,2,42,artifacts/cvae/fold_02/seed_42/best_model.pt,Kaggle host CPU FP32 single-thread; not laptop or microcontroller latency
"{'encoder': 282544, 'decoder': 84081, 'cvae': 366625}",0.29761699988739565,0.3598388491809601,cpu,float32,1,1,100,1000,x86_64,Linux-6.18.48+-x86_64-with-glibc2.39,2.11.0+cu128,18209,340199,0.340199,2,43,artifacts/cvae/fold_02/seed_43/best_model.pt,Kaggle host CPU FP32 single-thread; not laptop or microcontroller latency
"{'encoder': 282544, 'decoder': 84081, 'cvae': 366625}",0.31938749953042134,0.39525459969809157,cpu,float32,1,1,100,1000,x86_64,Linux-6.18.48+-x86_64-with-glibc2.39,2.11.0+cu128,18209,340199,0.340199,2,44,artifacts/cvae/fold_02/seed_44/best_model.pt,Kaggle host CPU FP32 single-thread; not laptop or microcontroller latency
"{'encoder': 282544, 'decoder': 84081, 'cvae': 366625}",0.32827649965838646,0.3802318504313006,cpu,float32,1,1,100,1000,x86_64,Linux-6.18.48+-x86_64-with-glibc2.39,2.11.0+cu128,18209,340199,0.340199,3,42,artifacts/cvae/fold_03/seed_42/best_model.pt,Kaggle host CPU FP32 single-thread; not laptop or microcontroller latency
"{'encoder': 282544, 'decoder': 84081, 'cvae': 366625}",0.3246784999646479,0.3981861996635416,cpu,float32,1,1,100,1000,x86_64,Linux-6.18.48+-x86_64-with-glibc2.39,2.11.0+cu128,18209,340199,0.340199,3,43,artifacts/cvae/fold_03/seed_43/best_model.pt,Kaggle host CPU FP32 single-thread; not laptop or microcontroller latency
"{'encoder': 282544, 'decoder': 84081, 'cvae': 366625}",0.3191749997313309,0.3940046501156757,cpu,float32,1,1,100,1000,x86_64,Linux-6.18.48+-x86_64-with-glibc2.39,2.11.0+cu128,18209,340199,0.340199,3,44,artifacts/cvae/fold_03/seed_44/best_model.pt,Kaggle host CPU FP32 single-thread; not laptop or microcontroller latency
"{'encoder': 282544, 'decoder': 84081, 'cvae': 366625}",0.3115810000053898,0.3713669002991082,cpu,float32,1,1,100,1000,x86_64,Linux-6.18.48+-x86_64-with-glibc2.39,2.11.0+cu128,18209,340199,0.340199,4,42,artifacts/cvae/fold_04/seed_42/best_model.pt,Kaggle host CPU FP32 single-thread; not laptop or microcontroller latency
"{'encoder': 282544, 'decoder': 84081, 'cvae': 366625}",0.31747649973112857,0.38817400004518277,cpu,float32,1,1,100,1000,x86_64,Linux-6.18.48+-x86_64-with-glibc2.39,2.11.0+cu128,18209,340199,0.340199,4,43,artifacts/cvae/fold_04/seed_43/best_model.pt,Kaggle host CPU FP32 single-thread; not laptop or microcontroller latency
"{'encoder': 282544, 'decoder': 84081, 'cvae': 366625}",0.3137755002171616,0.36803839998356114,cpu,float32,1,1,100,1000,x86_64,Linux-6.18.48+-x86_64-with-glibc2.39,2.11.0+cu128,18209,340199,0.340199,4,44,artifacts/cvae/fold_04/seed_44/best_model.pt,Kaggle host CPU FP32 single-thread; not laptop or microcontroller latency
"{'encoder': 282544, 'decoder': 84081, 'cvae': 366625}",0.3185555001437024,0.38631825018455856,cpu,float32,1,1,100,1000,x86_64,Linux-6.18.48+-x86_64-with-glibc2.39,2.11.0+cu128,18209,340199,0.340199,5,42,artifacts/cvae/fold_05/seed_42/best_model.pt,Kaggle host CPU FP32 single-thread; not laptop or microcontroller latency
"{'encoder': 282544, 'decoder': 84081, 'cvae': 366625}",0.3232369995203044,0.389514850303385,cpu,float32,1,1,100,1000,x86_64,Linux-6.18.48+-x86_64-with-glibc2.39,2.11.0+cu128,18209,340199,0.340199,5,43,artifacts/cvae/fold_05/seed_43/best_model.pt,Kaggle host CPU FP32 single-thread; not laptop or microcontroller latency
"{'encoder': 282544, 'decoder': 84081, 'cvae': 366625}",0.3191719997630571,0.37407384988910053,cpu,float32,1,1,100,1000,x86_64,Linux-6.18.48+-x86_64-with-glibc2.39,2.11.0+cu128,18209,340199,0.340199,5,44,artifacts/cvae/fold_05/seed_44/best_model.pt,Kaggle host CPU FP32 single-thread; not laptop or microcontroller latency
