method,fold,target_hr,mae_hr_mean,mae_hr_std,mae_hr_count,median_abs_error_mean,median_abs_error_std,median_abs_error_count,V_mean,V_std,V_count,A3_mean,A3_std,A3_count,mean_temporal_std_mean,mean_temporal_std_std,mean_temporal_std_count
cvae,1,60,24.21287281976468,0.9547624970849294,3,24.096618357487923,1.0710265863227808,3,1.0,0.0,3,0.006666666666666667,0.003214550253664318,3,0.19536215156044656,0.007616969922103262,3
cvae,1,80,7.9332187011957265,0.4596699244893024,3,6.899766899766898,0.6459863151771963,3,1.0,0.0,3,0.221,0.016462077633154323,3,0.19943564241659092,0.007197329678579511,3
cvae,1,120,28.2322272659154,0.706444749945833,3,29.280177187153928,1.2275886122304331,3,1.0,0.0,3,0.01933333333333333,0.008326663997864529,3,0.20982365860273985,0.00556528779507765,3
cvae,2,60,12.118312261903968,4.800716423479581,3,11.52020592020592,4.582856771598415,3,1.0,0.0,3,0.09966666666666668,0.05589573627150225,3,0.17107296552392515,0.011503612688197962,3
cvae,2,80,10.409808720057509,3.354170918299146,3,9.173093160709263,4.057993500843407,3,0.9996666666666667,0.0005773502691896423,3,0.14333333333333334,0.16529166141500706,3,0.16507215440508502,0.007745509078803643,3
cvae,2,120,32.31417489243859,4.077628228878467,3,36.19047619047619,6.598288790738581,3,1.0,0.0,3,0.072,0.031000000000000003,3,0.19654040187774058,0.002033219028319286,3
cvae,3,60,20.168048812203896,1.813895486174379,3,21.159420289855074,2.008174849355221,3,1.0,0.0,3,0.015,0.0052915026221291815,3,0.17689934443557942,0.004686708893624683,3
cvae,3,80,6.307345769014834,0.5443297856103407,3,5.443783505911725,0.7988733703593208,3,1.0,0.0,3,0.265,0.046604720790924176,3,0.18126997079297222,0.00607007202164567,3
cvae,3,120,33.36118335163665,2.1678051554919913,3,33.00978091675766,2.4655296300423957,3,1.0,0.0,3,0.0003333333333333333,0.0005773502691896258,3,0.20023221357788343,0.009520850244179974,3
cvae,4,60,17.363569230820872,2.2547056085236115,3,17.645407636738906,2.8689853957957845,3,1.0,0.0,3,0.059,0.0165227116418583,3,0.1708293185869595,0.005954489803894236,3
cvae,4,80,8.15657074320078,0.4916985783252508,3,6.1492940716241735,0.7101357690507154,3,1.0,0.0,3,0.2776666666666667,0.020008331597945215,3,0.17259512389370987,0.00676581524253707,3
cvae,4,120,39.47067680696545,2.688412973245713,3,38.2732038236201,1.7392616453478715,3,1.0,0.0,3,0.0,0.0,3,0.17873149383019257,0.009048721660480454,3
cvae,5,60,15.52266689346798,5.105406174516989,3,15.169068813548597,6.252314691342333,3,1.0,0.0,3,0.09633333333333333,0.07695020034628457,3,0.18327778462159663,0.013388764188809113,3
cvae,5,80,9.543157396397554,2.848083005411956,3,8.732147017185454,3.4124137230947187,3,1.0,0.0,3,0.15066666666666667,0.06792888438163351,3,0.18677331380470577,0.012391709476501766,3
cvae,5,120,37.085978978016406,4.637392849399696,3,37.20279720279721,7.751835782126443,3,1.0,0.0,3,0.005666666666666667,0.007371114795831994,3,0.20374988049104814,0.011919069209532637,3
gaussian,1,60,10.38829250626751,0.46866624547310415,3,0.0,0.0,3,0.965,0.00458257569495582,3,0.8233333333333333,0.009865765724632434,3,0.19666803298486635,0.003144003772772698,3
gaussian,1,80,3.01453548856516,0.686396942650539,3,0.0,0.0,3,0.9946666666666667,0.0005773502691896744,3,0.9573333333333333,0.008020806277010706,3,0.14602637653696293,0.0032008980938517837,3
gaussian,1,120,0.0,0.0,3,0.0,0.0,3,1.0,0.0,3,1.0,0.0,3,0.1382473277802544,0.001083041788152421,3
gaussian,2,60,6.706438034405838,0.3081512693142265,3,0.0,0.0,3,0.9873333333333333,0.0011547005383792605,3,0.8913333333333333,0.004725815626252597,3,0.1792786452408637,0.003009815162937173,3
gaussian,2,80,3.3206183295176364,0.7410503647251193,3,0.0,0.0,3,0.991,0.002645751311064572,3,0.9499999999999998,0.009848857801796113,3,0.15294163671714925,0.0023005492467149885,3
gaussian,2,120,0.0,0.0,3,0.0,0.0,3,0.995,0.0010000000000000009,3,0.995,0.0010000000000000009,3,0.14056755021576728,0.001065497701877988,3
gaussian,3,60,6.761956995055056,0.870557056061972,3,0.0,0.0,3,0.985,0.007211102550927985,3,0.884,0.00793725393319378,3,0.17996042659198408,0.003172653712794717,3
gaussian,3,80,3.1935721884593247,0.3170933970011978,3,0.0,0.0,3,0.9863333333333334,0.003055050463303899,3,0.947,0.0026457513110645825,3,0.15121303969210353,0.003735416633143079,3
gaussian,3,120,0.0,0.0,3,0.0,0.0,3,0.9946666666666667,0.004041451884327386,3,0.9946666666666667,0.004041451884327386,3,0.13978182398423297,0.0018352476508281348,3
gaussian,4,60,2.608433107680059,0.5244178799901352,3,0.0,0.0,3,0.98,0.005291502622129186,3,0.943,0.001732050807568911,3,0.1712965023645844,0.004715504826515498,3
gaussian,4,80,1.1926910838267195,0.09135311005133014,3,0.0,0.0,3,0.9836666666666667,0.002081665999466139,3,0.969,0.0010000000000000009,3,0.15377062511096964,0.0028188292212084553,3
gaussian,4,120,0.0,0.0,3,0.0,0.0,3,0.9846666666666666,0.002081665999466139,3,0.9846666666666666,0.002081665999466139,3,0.14736317802619472,0.0027592823150658177,3
gaussian,5,60,8.906285417141076,0.624749221118747,3,0.0,0.0,3,0.9853333333333333,0.0011547005383792366,3,0.8626666666666667,0.007637626158259752,3,0.19890034802120662,0.0030735115648722762,3
gaussian,5,80,3.77442410750418,0.2798076230257361,3,0.0,0.0,3,0.988,0.005196152422706636,3,0.9416666666666668,0.008386497083606009,3,0.16547884665066992,0.0018460812510688357,3
gaussian,5,120,0.0,0.0,3,0.0,0.0,3,0.9953333333333333,0.0028867513459481155,3,0.9953333333333333,0.0028867513459481155,3,0.15155095294069595,0.003197897424562955,3
no_condition,1,60,19.795621815375394,,1,20.0,,1,1.0,,1,0.022,,1,0.1696439533664955,,1
no_condition,1,80,5.834926054090504,,1,4.705882352941174,,1,1.0,,1,0.294,,1,0.1696439533664955,,1
no_condition,1,120,40.40316638084728,,1,40.0,,1,1.0,,1,0.0,,1,0.1696439533664955,,1
no_condition,2,60,15.777283422833078,,1,16.039603960396036,,1,1.0,,1,0.065,,1,0.1596949791331383,,1
no_condition,2,80,7.877267381845112,,1,5.4368932038835,,1,1.0,,1,0.269,,1,0.1596949791331383,,1
no_condition,2,120,45.31645099812832,,1,43.96039603960397,,1,1.0,,1,0.0,,1,0.1596949791331383,,1
no_condition,3,60,15.968381667119148,,1,16.799999999999997,,1,1.0,,1,0.053,,1,0.1616542385299427,,1
no_condition,3,80,7.4859717823515295,,1,5.333333333333329,,1,1.0,,1,0.253,,1,0.1616542385299427,,1
no_condition,3,120,44.82086826534441,,1,43.2,,1,1.0,,1,0.0,,1,0.1616542385299427,,1
no_condition,4,60,13.446736079062577,,1,13.84615384615384,,1,1.0,,1,0.106,,1,0.1587224013408265,,1
no_condition,4,80,11.207668385689727,,1,8.275862068965523,,1,1.0,,1,0.191,,1,0.1587224013408265,,1
no_condition,4,120,49.35870532227993,,1,47.54716981132076,,1,1.0,,1,0.0,,1,0.1587224013408265,,1
no_condition,5,60,15.499921678434305,,1,16.039603960396036,,1,1.0,,1,0.07,,1,0.1598591138192537,,1
no_condition,5,80,8.015972995701254,,1,5.79536967886483,,1,1.0,,1,0.267,,1,0.1598591138192537,,1
no_condition,5,120,45.4951737619316,,1,43.96039603960397,,1,1.0,,1,0.0,,1,0.1598591138192537,,1
no_hr_loss,1,60,19.790336920227507,,1,20.0,,1,1.0,,1,0.026,,1,0.1743265027621936,,1
no_hr_loss,1,80,6.23617295267401,,1,5.333333333333329,,1,1.0,,1,0.283,,1,0.1737449343009867,,1
no_hr_loss,1,120,39.70943296704485,,1,39.15789473684211,,1,1.0,,1,0.0,,1,0.1735185419478525,,1
no_hr_loss,2,60,17.046621047085836,,1,17.575757575757578,,1,1.0,,1,0.054,,1,0.1610091476274606,,1
no_hr_loss,2,80,7.661324754774656,,1,6.15384615384616,,1,1.0,,1,0.241,,1,0.1610114398767692,,1
no_hr_loss,2,120,42.41018121755255,,1,41.63265306122449,,1,1.0,,1,0.0,,1,0.1622351249768129,,1
no_hr_loss,3,60,17.544974857384403,,1,18.367346938775512,,1,1.0,,1,0.037,,1,0.1611588009639873,,1
no_hr_loss,3,80,6.701541617176552,,1,5.333333333333329,,1,1.0,,1,0.272,,1,0.1610051672538932,,1
no_hr_loss,3,120,42.280674649188825,,1,41.22869766463286,,1,1.0,,1,0.0,,1,0.1608451801980325,,1
no_hr_loss,4,60,11.62866472570267,,1,11.698113207547166,,1,1.0,,1,0.139,,1,0.1555477616819716,,1
no_hr_loss,4,80,12.61577774847493,,1,10.181818181818189,,1,0.999,,1,0.154,,1,0.1558005970998818,,1
no_hr_loss,4,120,51.34463824133655,,1,48.888888888888886,,1,0.999,,1,0.0,,1,0.1550167492078934,,1
no_hr_loss,5,60,16.326452968807192,,1,16.799999999999997,,1,1.0,,1,0.055,,1,0.1633073649089115,,1
no_hr_loss,5,80,7.5457678210583,,1,5.4368932038835,,1,1.0,,1,0.259,,1,0.1632408263100665,,1
no_hr_loss,5,120,43.92564783736323,,1,43.2,,1,1.0,,1,0.0,,1,0.1634563815119991,,1
