epoch,beta_effective,train_L_rec,train_L_KL,train_L_HR_rec,train_L_HR_prior,train_L_total,val_L_rec,val_L_KL,val_L_HR_rec,val_L_HR_prior,val_L_total,prior_val_60_V,prior_val_60_A3,prior_val_60_mae_hr,prior_val_80_V,prior_val_80_A3,prior_val_80_mae_hr,prior_val_120_V,prior_val_120_A3,prior_val_120_mae_hr
1,0.001,1.0132378915607874,3.600236980563384,0.05535019442855317,0.0,1.2935891008664113,1.4228587332881146,3.4440799650527194,0.01360657755526194,0.0,1.5253324210850077,0.0,0.0,,0.0,0.0,,0.0,0.0,
2,0.002,1.0087139042406528,3.6507785149569343,0.022679262406937562,0.0,1.129411775952018,1.4206582588256758,2.8283352628504987,0.007755173991314861,0.0,1.4877174833849498,0.0,0.0,,0.0,0.0,,0.0,0.0,
3,0.003,1.0068373000159763,3.251609204500073,0.014036557756656264,0.0,1.086774919136032,1.4194796337809767,2.438464780668416,0.013874971633823585,0.0,1.5132391272934664,0.0,0.0,,0.0,0.0,,0.0,0.0,
4,0.004,1.0058691227545593,2.8220293699392034,0.015110419125422365,0.0,1.0927093362642046,1.419167027933012,2.3155102152318627,0.01086160198116798,0.0,1.4966301473115335,0.0,0.0,,0.0,0.0,,0.0,0.0,
5,0.005,1.0053477307813248,2.5489327735338887,0.012009466255896288,0.0,1.0781397248840292,1.4184411961535712,1.969319708447632,0.011613820096522709,0.0,1.496203488727669,0.0,0.0,,0.0,0.0,,0.0,0.0,
6,0.006,1.004974687360058,2.2599731954781452,0.01204060491130003,0.0,1.0787375512376407,1.418263706165812,1.8634894358892642,0.010083082976900961,0.0,1.4873140255869943,0.0,0.0,,0.0,0.0,,0.0,0.0,
7,0.006999999999999999,1.0046994791374324,2.0804438512697176,0.01190897550713989,0.0,1.078807463665071,1.4182113913144252,1.8666431191389161,0.010921266346994514,0.0,1.491484140950472,0.0,0.0,,0.0,0.0,,0.0,0.0,
8,0.008,1.004529160712485,1.9501901104729964,0.010480510878315388,0.0,1.0725332396953735,1.4181073730486684,1.5954145861262496,0.011496074070757,0.0,1.4915418934087625,0.0,0.0,,0.0,0.0,,0.0,0.0,
9,0.009000000000000001,1.0043437921871214,1.810194682704822,0.009432737143215138,0.0,1.067799229413658,1.4177463948268192,1.4732427823159358,0.013993687522986945,0.0,1.5024472461618943,0.0,0.0,,0.0,0.0,,0.0,0.0,
10,0.01,1.0041975638961853,1.6317922501217061,0.01206860836628344,0.0,1.0808585267193354,1.4176996759374034,1.503447670650871,0.0043228062084429645,0.0,1.4543481821551174,0.0,0.0,,0.0,0.0,,0.0,0.0,
11,0.01,1.004041499523266,1.594970786164864,0.0115950551535708,0.0,1.0779664842703989,1.4177164917321914,1.4036105044593574,0.007978896683649475,0.0,1.4716470742530983,0.0,0.0,,0.0,0.0,,0.0,0.0,
12,0.01,1.0038801408806073,1.5671472457913338,0.00851788289281613,0.0,1.062141030186496,1.4175319252092282,1.3332436922815853,0.0047896668938083925,0.0,1.454812696368206,0.0,0.0,,0.0,0.0,,0.0,0.0,
13,0.01,1.00378794524823,1.5077528590473155,0.009484170672063471,0.0,1.0662863236544238,1.4173779181586477,1.1714473603441298,0.008686895213683663,0.0,1.4725268753585739,0.0,0.0,,0.0,0.0,,0.0,0.0,
14,0.01,1.0037115959157308,1.4371429440942205,0.00949181114922517,0.0,1.0655420760768988,1.417487372130983,1.327412162172951,0.01235211031235919,0.0,1.4925220428810753,0.0,0.0,,0.0,0.0,,0.0,0.0,
15,0.01,1.0036120647008826,1.397286804843596,0.008810304063284286,0.0,1.0616364538549987,1.4174331413302161,1.2672814993700259,0.007254744332110952,0.0,1.4663796725158333,0.0,0.0,,0.0,0.0,,0.0,0.0,
16,0.01,1.0035293892376878,1.386493603535345,0.008467257940803974,0.0,1.0597306157709465,1.417232283392133,1.127224185514263,0.007764984938918423,0.0,1.4673294610687793,0.0,0.0,,0.0,0.0,,0.0,0.0,
17,0.01,1.0034642471835584,1.329753239840436,0.008721722729566268,0.0,1.0603703915575564,1.417209115076795,1.2302059886107288,0.004008737139100949,0.0,1.4495548548313133,0.0,0.0,,0.0,0.0,,0.0,0.0,
18,0.01,1.0033761945996016,1.3137174337387891,0.007881678856633094,0.0,1.0559217598423407,1.4171189404769031,1.1892663049437469,0.005431366033932904,0.0,1.456168436635486,0.0,0.0,,0.0,0.0,,0.0,0.0,
19,0.01,1.003301697354443,1.2908063649451396,0.007467806734896512,0.0,1.0535487911620378,1.4171820989219732,1.31479405313352,0.005317112110006737,0.0,1.4569156008627349,0.0,0.0,,0.0,0.0,,0.0,0.0,
20,0.01,1.003244325406877,1.2633703653355917,0.00735335445826428,0.0,1.0526447993219181,1.4172071959342272,1.17243547548139,0.01130599847647818,0.0,1.4854615471925325,0.0,0.0,,0.0,0.0,,0.0,0.0,
21,0.01,1.0031768347824472,1.2331885300715957,0.0072670947920268625,0.0,1.051844195656621,1.4170506113231682,1.2026975667345534,0.0036908249278273385,0.0,1.44753171180672,0.0,0.0,,0.0,0.0,,0.0,0.0,
22,0.01,1.0031390648001992,1.1983905907278518,0.006889940942185682,0.0,1.049572675151827,1.417173844442011,1.1160486575484543,0.009156806831035421,0.0,1.4741183700410048,0.0,0.0,,0.0,0.0,,0.0,0.0,
23,0.01,1.0031040586316355,1.1642494460247,0.007590766632428818,0.0,1.0527003871084002,1.4171686229540947,1.0531125123404914,0.007778012563302768,0.0,1.4665898158842579,0.0,0.0,,0.0,0.0,,0.0,0.0,
24,0.01,1.0030683677933487,1.1307342904701014,0.0077697022018698636,0.0,1.053224223350469,1.4170411375543446,0.9867000819792996,0.003421519640565226,0.0,1.4440157235416025,0.0,0.0,,0.0,0.0,,0.0,0.0,
25,0.01,1.0030565225142638,1.103845016205244,0.007649992570502917,0.0,1.0523449335471922,1.417058988141423,1.061171666868521,0.003327828101081973,0.0,1.4443098579601237,0.0,0.0,,0.0,0.0,,0.0,0.0,
26,0.01,1.0029892487741974,1.130190441129779,0.005690208485790446,0.0,1.0427421940796882,1.4170659609358454,1.1161717426665938,0.005737907133396761,0.0,1.4569172065525402,0.0,0.0,,0.0,0.0,,0.0,0.0,
27,0.01,1.002953624282194,1.0815304097133196,0.006898684453501257,0.0,1.0482623496671477,1.4169878424332607,1.0265319265958741,0.004742046872669075,0.0,1.4509633878301396,0.0,0.0,,0.0,0.0,,0.0,0.0,
28,0.01,1.0029504845796764,1.0588510509830982,0.006951434229966695,0.0,1.0482961621376639,1.4169682495759621,1.0610339975147998,0.007542535795390139,0.0,1.4652912660123165,0.0,0.0,,0.0,0.0,,0.0,0.0,
29,0.01,1.0029305925287684,1.0385430444632706,0.007550177008778326,0.0,1.051066905735337,1.416987089893101,1.0072995623518215,0.00817291566014087,0.0,1.467924662550434,0.0,0.0,,0.0,0.0,,0.0,0.0,
30,0.01,1.0028948002196956,1.0431650320294414,0.0062873153065542055,0.0,1.0447630264625867,1.4168701396658918,1.0953177984618525,0.003887774229422756,0.0,1.4472621831263262,0.0,0.0,,0.0,0.0,,0.0,0.0,
31,0.01,1.0028207223661372,1.043909267898799,0.006182095971757506,0.0,1.044170296195946,1.4168854208737462,1.0774791219144424,0.005028512315306279,0.0,1.4528027761006352,0.0,0.0,,0.0,0.0,,0.0,0.0,
32,0.01,1.0027755663744662,1.0279205245646368,0.006114740953953324,0.0,1.0436284768001018,1.4169170364706565,0.9784558142857243,0.010426951867433917,0.0,1.4788363737222296,0.0,0.0,,0.0,0.0,,0.0,0.0,
33,0.01,1.002743017882477,1.0331435235403499,0.005229626432242561,0.0,1.0392225833902995,1.4168025227397527,1.0014349479472102,0.002233009550407195,0.0,1.4379819269712482,0.0,0.0,,0.0,0.0,,0.0,0.0,
34,0.01,1.002729280192115,0.996368270002684,0.00593733602240902,0.0,1.0423796404841987,1.4168348267311115,0.9698602205679495,0.005253392938222473,0.0,1.4528003976020654,0.0,0.0,,0.0,0.0,,0.0,0.0,
35,0.01,1.0027143799940124,0.9916473556652607,0.005952109784153028,0.0,1.0423914002495969,1.416865549840044,0.9575668843230251,0.006753311914860808,0.0,1.460207779190557,0.0,0.0,,0.0,0.0,,0.0,0.0,
36,0.01,1.0026725971506143,0.9712728173443956,0.005671330250246705,0.0,1.0407419746434983,1.4167032531340042,0.991903973693032,0.0037277358168696416,0.0,1.4452609756654726,0.0,0.0,,0.0,0.0,,0.0,0.0,
37,0.01,1.0026553100662885,0.9556350517089144,0.006201414113939249,0.0,1.0432187301680258,1.4167518373379642,0.8826059332976625,0.004572443090244278,0.0,1.4484401108938751,0.0,0.0,,0.0,0.0,,0.0,0.0,
38,0.01,1.002611806663594,0.9565485180437735,0.005279348167454182,0.0,1.0385740361970057,1.4167214776083064,0.96752674605661,0.00678208535238407,0.0,1.4603071799416532,0.0,0.0,,0.0,0.0,,0.0,0.0,
39,0.01,1.0026123306796322,0.9113735720327983,0.006259233177680755,0.0,1.0430222334007184,1.4167528016440145,0.9095822386022403,0.002935534297545866,0.0,1.4405262966209553,0.0,0.0,,0.0,0.0,,0.0,0.0,
40,0.01,1.002582102331016,0.9044918667138322,0.005662648029059285,0.0,1.0399402619818219,1.4167504162914377,0.8208103836174149,0.009605878994153074,0.0,1.4729879133087536,0.0,0.0,,0.0,0.0,,0.0,0.0,
41,0.01,1.0025859252995355,0.8675082154215572,0.005878743751582173,0.0,1.0406547259952064,1.4166935097024163,0.8442900551162255,0.004834624631604732,0.0,1.4493095312918272,0.0,0.0,,0.0,0.0,,0.0,0.0,
42,0.01,1.002564045554268,0.8489621509807215,0.0061381117240411195,0.0,1.0417442259585572,1.4167036721934887,0.8346533700508592,0.0024424665854472583,0.0,1.4372625425177146,0.0,0.0,,0.0,0.0,,0.0,0.0,
43,0.01,1.002542312463242,0.8500604092388675,0.005134458157625052,0.0,1.036715206783668,1.4166531274203347,0.8357828772166135,0.004853447701385275,0.0,1.449278194834091,0.0,0.0,,0.0,0.0,,0.0,0.0,
44,0.01,1.0025329910118788,0.8257863510497232,0.00545123019224716,0.0,1.038047003014587,1.4167289087592836,0.786390772159994,0.006802982618819796,0.0,1.4586077322020787,0.0,0.0,,0.0,0.0,,0.0,0.0,
45,0.01,1.002527440799077,0.8017452872344591,0.005703374149004577,0.0,1.0390617688060475,1.4166458236323936,0.7781543330351818,0.003586409069406743,0.0,1.4423594234879316,0.0,0.0,,0.0,0.0,,0.0,0.0,
46,0.01,1.0025022835851862,0.8125988097588179,0.004633009378224995,0.0,1.0337933184088617,1.4165942362845563,0.7621059426206156,0.006422451445744738,0.0,1.4563275516519143,0.0,0.0,,0.0,0.0,,0.0,0.0,
47,0.01,1.0024911121992743,0.7873345714257982,0.004902632394898988,0.0,1.034877617969245,1.4166360090177028,0.7691566501523098,0.002908325976191485,0.0,1.4388692064240716,0.0,0.0,,0.0,0.0,,0.0,0.0,
48,0.01,1.0024843707055953,0.7681804170375868,0.005522059366301337,0.0,1.0377764684092168,1.4167297507109948,0.7999057365870368,0.005854340407127152,0.0,1.4540005088925279,0.0,0.0,,0.0,0.0,,0.0,0.0,
49,0.01,1.0024892346812901,0.7437060578079155,0.006130561730045932,0.0,1.0405791057101625,1.416708930787027,0.7092401729107967,0.004012634154015824,0.0,1.4438644970470131,0.0,0.0,,0.0,0.0,,0.0,0.0,
50,0.01,1.0024620636688617,0.7524455317865267,0.0049366111785888655,0.0,1.0346695771123178,1.4166222045984775,0.7338638562861245,0.0035917254406904377,0.0,1.44191946974214,0.0,0.0,,0.0,0.0,,0.0,0.0,
51,0.01,1.002417739844647,0.7373049253079919,0.005086694338719606,0.0,1.0352242591640668,1.4166534804360755,0.6855140286687246,0.002986296476318036,0.0,1.4384400995522588,0.0,0.0,,0.0,0.0,,0.0,0.0,
52,0.01,1.0024366846859096,0.7214950378435393,0.00555230409767247,0.0,1.0374131558726765,1.4166779774384777,0.6810286097797593,0.0026933005730499808,0.0,1.4369547789133144,0.0,0.0,,0.0,0.0,,0.0,0.0,
53,0.01,1.0024410839858333,0.7130095831430604,0.0051923489052720095,0.0,1.0355329228273376,1.4166285222896695,0.6929114934307146,0.0032145068620789115,0.0,1.4396301845194477,0.0,0.0,,0.0,0.0,,0.0,0.0,
54,0.01,1.00244070534621,0.7115341756799327,0.004941766891399927,0.0,1.034264882176891,1.4166047786526583,0.7146238400591179,0.003523309316677958,0.0,1.4413675628123985,0.0,0.0,,0.0,0.0,,0.0,0.0,
55,0.01,1.0024473235705094,0.6854812734317649,0.0054137465349400615,0.0,1.0363708699891403,1.4166511269168078,0.6539680087083157,0.0035310661265029546,0.0,1.4408461333040952,0.0,0.0,,0.0,0.0,,0.0,0.0,
56,0.01,1.002427093587892,0.6944963049707323,0.004652663445282538,0.0,1.0326353755756648,1.4166625066863858,0.665486913874978,0.0036067992621661264,0.0,1.4413513724056264,0.0,0.0,,0.0,0.0,,0.0,0.0,
57,0.01,1.0024093982095463,0.672731807603543,0.005690175178000968,0.0,1.0375875963594685,1.4166320111488215,0.6964192409880683,0.0025280200971641337,0.0,1.4362363119912454,0.0,0.0,,0.0,0.0,,0.0,0.0,
58,0.01,1.0023996097785466,0.686847154442518,0.004590426512752608,0.0,1.032220212493455,1.4166191956069174,0.6588080641068217,0.005404411984093097,0.0,1.4502293388918357,0.0,0.0,,0.0,0.0,,0.0,0.0,
59,0.01,1.0023836617309148,0.6611473684716797,0.005275777903784683,0.0,1.0353740266137623,1.4165665942603336,0.663782734007535,0.002478920562752551,0.0,1.4355990327295822,0.0,0.0,,0.0,0.0,,0.0,0.0,
60,0.01,1.0023680324475885,0.6637300167054533,0.004999988550429048,0.0,1.0340052727774716,1.4165486376837175,0.6221487618539803,0.0100193211574412,0.0,1.4728667305970264,0.0,0.0,,0.0,0.0,,0.0,0.0,
61,0.01,1.0023527011811917,0.6589226765584286,0.004988285614788762,0.0,1.0338833543878887,1.4165327627148485,0.664554424459554,0.006911752503527172,0.0,1.4577370565901828,0.0,0.0,,0.0,0.0,,0.0,0.0,
62,0.01,1.0023288171361098,0.6525571018454266,0.004827510898942454,0.0,1.0329919411295356,1.4165649590364062,0.6700543961830483,0.0018276229892469041,0.0,1.4324036205757509,0.0,0.0,,0.0,0.0,,0.0,0.0,
63,0.01,1.0023297025190763,0.6623571015220092,0.004566389416647496,0.0,1.0317852182365141,1.4165828009516759,0.6412219700011168,0.0026002084735287246,0.0,1.4359960603802013,0.0,0.0,,0.0,0.0,,0.0,0.0,
64,0.01,1.0023093135508732,0.6466887501933051,0.00474313450700829,0.0,1.0324918748912193,1.416564138824963,0.6604109066705063,0.001167258888917297,0.0,1.4290045332990238,0.0,0.0,,0.0,0.0,,0.0,0.0,
65,0.01,1.0022933123129099,0.6314358855769304,0.00508870559615987,0.0,1.0340511980209346,1.416602882628037,0.5961767211206858,0.004957684731580424,0.0,1.4473530829901806,0.0,0.0,,0.0,0.0,,0.0,0.0,
66,0.01,1.002283634637399,0.6363498218359923,0.004398665122350656,0.0,1.0306404553505646,1.4165504536150273,0.6158405835330876,0.005971048329073932,0.0,1.4525640929545744,0.0,0.0,,0.0,0.0,,0.0,0.0,
67,0.01,1.002283471717617,0.6379675268497421,0.003969358084033886,0.0,1.0285099361071002,1.416552289814942,0.6351230405915765,0.003826596183604497,0.0,1.4420365052157738,0.0,0.0,,0.0,0.0,,0.0,0.0,
68,0.01,1.0022780588428806,0.6193084578439066,0.004919859666756169,0.0,1.0330704427442754,1.4166004708038642,0.5923609440532632,0.005506210570468548,0.0,1.450055131572236,0.0,0.0,,0.0,0.0,,0.0,0.0,
69,0.01,1.0022684511331132,0.6266938669526195,0.004210621447247618,0.0,1.0295884997291516,1.4165293356128201,0.6036812433067922,0.0024026406800814084,0.0,1.4345793592756542,0.0,0.0,,0.0,0.0,,0.0,0.0,
70,0.01,1.002266260579013,0.6149020515722992,0.004736131840908843,0.0,1.032095941983353,1.4165161468438778,0.5868352468761423,0.005666604125023384,0.0,1.4507175275187576,0.0,0.0,,0.0,0.0,,0.0,0.0,
71,0.01,1.0022711859596407,0.5934359522477187,0.0050952084619606585,0.0,1.0336815887626014,1.4165177092571624,0.5900604386722461,0.002144493746454693,0.0,1.4331407825398121,0.0,0.0,,0.0,0.0,,0.0,0.0,
72,0.01,1.0022555027557962,0.6068963222209574,0.004440170713654225,0.0,1.0305253197668673,1.4165489592650113,0.6168146590096851,0.0015848089237250065,0.0,1.4306411618141475,0.0,0.0,,0.0,0.0,,0.0,0.0,
73,0.01,1.002255680505924,0.5960981548052804,0.005245502997842443,0.0,1.0344441776694107,1.4165239145609794,0.5976407322853531,0.003520764321077759,0.0,1.440104141032528,0.0,0.0,,0.0,0.0,,0.0,0.0,
74,0.01,1.0022603382919744,0.5900060248571334,0.005148966847447316,0.0,1.0339052314201345,1.416590331288615,0.5874328284976611,0.003138552568850394,0.0,1.4381574096221041,0.0,0.0,,0.0,0.0,,0.0,0.0,
75,0.01,1.002239476880323,0.5961222620923865,0.004719277107818643,0.0,1.031797080184001,1.4165935099202847,0.6130557477167043,0.00605689974554882,0.0,1.4530085642450947,0.0,0.0,,0.0,0.0,,0.0,0.0,
76,0.01,1.0022387570986868,0.5958516859167265,0.004451418940587881,0.0,1.0304543672009323,1.4165422381341353,0.5917040395164533,0.002409304905427138,0.0,1.4345057973787607,0.0,0.0,,0.0,0.0,,0.0,0.0,
