source,target_hr,feature,count,median,q25,q75
generated,60,rise_time_s,1000,0.328125,0.296875,0.359375
generated,60,width50_s,1000,0.421875,0.375,0.4609375
generated,60,rise_cycle_ratio,1000,0.4317704354469061,0.40540540540540543,0.46153846153846156
generated,60,beat_extraction_success,1000,1.0,1.0,1.0
generated,60,amplitude_range,1000,5.2025041580200195,4.3810365200042725,6.215165495872498
generated,60,amplitude_std,1000,1.0204064846038818,0.8791993856430054,1.1762108206748962
generated,80,rise_time_s,1000,0.328125,0.296875,0.3671875
generated,80,width50_s,1000,0.40625,0.375,0.453125
generated,80,rise_cycle_ratio,1000,0.44267656315083076,0.4166666666666667,0.4716981132075472
generated,80,beat_extraction_success,1000,1.0,1.0,1.0
generated,80,amplitude_range,1000,5.289420127868652,4.412780404090881,6.259471893310547
generated,80,amplitude_std,1000,1.0285436511039734,0.8856794983148575,1.1959956884384155
generated,120,rise_time_s,1000,0.328125,0.296875,0.359375
generated,120,width50_s,1000,0.375,0.34375,0.40625
generated,120,rise_cycle_ratio,1000,0.475,0.4477707219251337,0.5
generated,120,beat_extraction_success,1000,1.0,1.0,1.0
generated,120,amplitude_range,1000,5.525924921035767,4.64029335975647,6.594934105873108
generated,120,amplitude_std,1000,1.0600488781929016,0.9143417328596115,1.2386150360107422
real_test,60,rise_time_s,292,0.375,0.2734375,0.4375
real_test,60,width50_s,292,0.578125,0.44921875,0.712890625
real_test,60,rise_cycle_ratio,292,0.3972611818006555,0.33777390993885836,0.4650251588983051
real_test,60,beat_extraction_success,300,1.0,1.0,1.0
real_test,60,amplitude_range,300,1.6998363137245178,1.0683643817901611,3.348928451538086
real_test,60,amplitude_std,300,0.3655604124069214,0.2294803522527218,0.6582960486412048
real_test,80,rise_time_s,292,0.2578125,0.21875,0.353515625
real_test,80,width50_s,292,0.3984375,0.287109375,0.46875
real_test,80,rise_cycle_ratio,292,0.4421740394270916,0.3202634419152276,0.5156231671554252
real_test,80,beat_extraction_success,300,1.0,1.0,1.0
real_test,80,amplitude_range,300,3.6840566396713257,2.419876217842102,5.893145442008972
real_test,80,amplitude_std,300,0.6962342262268066,0.39868053048849106,0.9711465835571289
real_test,120,rise_time_s,198,0.234375,0.1953125,0.265625
real_test,120,width50_s,198,0.2421875,0.21875,0.28125
real_test,120,rise_cycle_ratio,198,0.4444444444444444,0.39473684210526316,0.5243470149253732
real_test,120,beat_extraction_success,198,1.0,1.0,1.0
real_test,120,amplitude_range,198,3.271166443824768,2.3123472332954407,5.496131896972656
real_test,120,amplitude_std,198,0.5663900077342987,0.4403498098254204,0.8712345659732819
