fold,split,subjects_before,subjects_after,windows_before,windows_after,rejected,hr_min,hr_max
1,test,3,3,13069,13063,6,41.86246871948242,150.15457153320312
1,train,9,9,39785,39767,18,41.69084930419922,171.08505249023438
1,val,3,3,11843,11837,6,56.15567398071289,187.0154266357422
2,test,3,3,11843,11837,6,56.15567398071289,187.0154266357422
2,train,9,9,39872,39854,18,41.69084930419922,171.08505249023438
2,val,3,3,12982,12976,6,45.39897537231445,154.27723693847656
3,test,3,3,12982,12976,6,45.39897537231445,154.27723693847656
3,train,9,9,37919,37901,18,41.86246871948242,187.0154266357422
3,val,3,3,13796,13790,6,41.69084930419922,171.08505249023438
4,test,3,3,13796,13790,6,41.69084930419922,171.08505249023438
4,train,9,9,37894,37876,18,41.86246871948242,187.0154266357422
4,val,3,3,13007,13001,6,42.168888092041016,162.4089813232422
5,test,3,3,13007,13001,6,42.168888092041016,162.4089813232422
5,train,9,9,38621,38603,18,41.69084930419922,187.0154266357422
5,val,3,3,13069,13063,6,41.86246871948242,150.15457153320312
