fold,split,reason,rejected_windows,candidate_windows,rate,motion_level
1,test,filter_boundary,6,13069,0.00045910169102456196,
1,test,filter_boundary,4,3703,0.001080205238995409,high
1,test,filter_boundary,1,4617,0.00021659085986571366,low
1,test,filter_boundary,1,4749,0.0002105706464518846,medium
1,train,filter_boundary,18,39785,0.0004524318210380797,
1,train,filter_boundary,12,13262,0.0009048408988086261,high
1,train,filter_boundary,3,13262,0.00022621022470215653,low
1,train,filter_boundary,3,13261,0.00022622728301033106,medium
1,val,filter_boundary,6,11843,0.0005066283880773453,
1,val,filter_boundary,4,4373,0.000914703864623828,high
1,val,filter_boundary,2,4425,0.0004519774011299435,medium
2,test,filter_boundary,6,11843,0.0005066283880773453,
2,test,filter_boundary,4,4515,0.0008859357696566999,high
2,test,filter_boundary,2,4423,0.0004521817770743839,medium
2,train,filter_boundary,18,39872,0.0004514446227929374,
2,train,filter_boundary,12,13291,0.0009028666014596344,high
2,train,filter_boundary,3,13291,0.0002257166503649086,low
2,train,filter_boundary,3,13290,0.0002257336343115124,medium
2,val,filter_boundary,6,12982,0.00046217840086273303,
2,val,filter_boundary,4,4304,0.0009293680297397769,high
2,val,filter_boundary,1,3922,0.00025497195308516065,low
2,val,filter_boundary,1,4756,0.00021026072329688813,medium
3,test,filter_boundary,6,12982,0.00046217840086273303,
3,test,filter_boundary,4,4294,0.0009315323707498836,high
3,test,filter_boundary,1,4374,0.00022862368541380886,low
3,test,filter_boundary,1,4314,0.0002318034306907742,medium
3,train,filter_boundary,18,37919,0.00047469606265988025,
3,train,filter_boundary,12,12640,0.0009493670886075949,high
3,train,filter_boundary,2,12640,0.00015822784810126583,low
3,train,filter_boundary,4,12639,0.0003164807342353034,medium
3,val,filter_boundary,6,13796,0.0004349086691794723,
3,val,filter_boundary,4,5109,0.0007829320806420043,high
3,val,filter_boundary,1,4750,0.0002105263157894737,low
3,val,filter_boundary,1,3937,0.000254000508001016,medium
4,test,filter_boundary,6,13796,0.0004349086691794723,
4,test,filter_boundary,4,5092,0.0007855459544383347,high
4,test,filter_boundary,1,4806,0.00020807324178110696,low
4,test,filter_boundary,1,3898,0.0002565418163160595,medium
4,train,filter_boundary,18,37894,0.0004750092362907057,
4,train,filter_boundary,12,12631,0.0009500435436624178,high
4,train,filter_boundary,2,12632,0.00015832805573147562,low
4,train,filter_boundary,4,12631,0.00031668118122080597,medium
4,val,filter_boundary,6,13007,0.00046129007457522875,
4,val,filter_boundary,4,4246,0.0009420631182289214,high
4,val,filter_boundary,1,4684,0.0002134927412467976,low
4,val,filter_boundary,1,4077,0.0002452783909737552,medium
5,test,filter_boundary,6,13007,0.00046129007457522875,
5,test,filter_boundary,4,3828,0.0010449320794148381,high
5,test,filter_boundary,1,4758,0.0002101723413198823,low
5,test,filter_boundary,1,4421,0.00022619316896629722,medium
5,train,filter_boundary,18,38621,0.0004660676833846871,
5,train,filter_boundary,12,12874,0.0009321112319403449,high
5,train,filter_boundary,2,12874,0.00015535187199005747,low
5,train,filter_boundary,4,12873,0.0003107278800590383,medium
5,val,filter_boundary,6,13069,0.00045910169102456196,
5,val,filter_boundary,4,3466,0.001154068090017311,high
5,val,filter_boundary,1,4952,0.00020193861066235866,low
5,val,filter_boundary,1,4651,0.00021500752526338422,medium
