target_hr,mae_hr,median_abs_error,V,A3,failed_windows,num_samples,method,fold,seed,mean_temporal_std,num_beats,train_near_windows,train_near_subjects,outside_train,coverage_note
60,15.499921678434305,16.039603960396036,1.0,0.07,0,1000,no_condition,5,42,0.1598591138192537,7108,5587,7,False,report counts; no pre-registered numerical thinness cutoff
80,8.015972995701254,5.79536967886483,1.0,0.267,0,1000,no_condition,5,42,0.1598591138192537,7108,14958,9,False,report counts; no pre-registered numerical thinness cutoff
120,45.4951737619316,43.96039603960397,1.0,0.0,0,1000,no_condition,5,42,0.1598591138192537,7108,5564,9,False,report counts; no pre-registered numerical thinness cutoff
60,13.446736079062577,13.84615384615384,1.0,0.106,0,1000,no_condition,4,42,0.1587224013408265,6166,5555,7,False,report counts; no pre-registered numerical thinness cutoff
80,11.207668385689727,8.275862068965523,1.0,0.191,0,1000,no_condition,4,42,0.1587224013408265,6166,16505,9,False,report counts; no pre-registered numerical thinness cutoff
120,49.35870532227993,47.54716981132076,1.0,0.0,0,1000,no_condition,4,42,0.1587224013408265,6166,4578,9,False,report counts; no pre-registered numerical thinness cutoff
60,15.968381667119148,16.799999999999997,1.0,0.053,0,1000,no_condition,3,42,0.1616542385299427,7193,5645,7,False,report counts; no pre-registered numerical thinness cutoff
80,7.4859717823515295,5.333333333333329,1.0,0.253,0,1000,no_condition,3,42,0.1616542385299427,7193,14999,9,False,report counts; no pre-registered numerical thinness cutoff
120,44.82086826534441,43.2,1.0,0.0,0,1000,no_condition,3,42,0.1616542385299427,7193,4903,9,False,report counts; no pre-registered numerical thinness cutoff
60,15.777283422833078,16.039603960396036,1.0,0.065,0,1000,no_condition,2,42,0.1596949791331383,7065,8092,9,False,report counts; no pre-registered numerical thinness cutoff
80,7.877267381845112,5.4368932038835,1.0,0.269,0,1000,no_condition,2,42,0.1596949791331383,7065,17104,9,False,report counts; no pre-registered numerical thinness cutoff
120,45.31645099812832,43.96039603960397,1.0,0.0,0,1000,no_condition,2,42,0.1596949791331383,7065,3181,9,False,report counts; no pre-registered numerical thinness cutoff
60,19.795621815375394,20.0,1.0,0.022,0,1000,no_condition,1,42,0.1696439533664955,8178,7839,9,False,report counts; no pre-registered numerical thinness cutoff
80,5.834926054090504,4.705882352941174,1.0,0.294,0,1000,no_condition,1,42,0.1696439533664955,8178,17596,9,False,report counts; no pre-registered numerical thinness cutoff
120,40.40316638084728,40.0,1.0,0.0,0,1000,no_condition,1,42,0.1696439533664955,8178,3335,9,False,report counts; no pre-registered numerical thinness cutoff
60,16.326452968807192,16.799999999999997,1.0,0.055,0,1000,no_hr_loss,5,42,0.1633073649089115,7094,5587,7,False,report counts; no pre-registered numerical thinness cutoff
80,7.5457678210583,5.4368932038835,1.0,0.259,0,1000,no_hr_loss,5,42,0.1632408263100665,7096,14958,9,False,report counts; no pre-registered numerical thinness cutoff
120,43.92564783736323,43.2,1.0,0.0,0,1000,no_hr_loss,5,42,0.1634563815119991,7120,5564,9,False,report counts; no pre-registered numerical thinness cutoff
60,11.62866472570267,11.698113207547166,1.0,0.139,0,1000,no_hr_loss,4,42,0.1555477616819716,5823,5555,7,False,report counts; no pre-registered numerical thinness cutoff
80,12.61577774847493,10.181818181818189,0.999,0.154,1,1000,no_hr_loss,4,42,0.1558005970998818,5850,16505,9,False,report counts; no pre-registered numerical thinness cutoff
120,51.34463824133655,48.888888888888886,0.999,0.0,1,1000,no_hr_loss,4,42,0.1550167492078934,5916,4578,9,False,report counts; no pre-registered numerical thinness cutoff
60,17.544974857384403,18.367346938775512,1.0,0.037,0,1000,no_hr_loss,3,42,0.1611588009639873,7362,5645,7,False,report counts; no pre-registered numerical thinness cutoff
80,6.701541617176552,5.333333333333329,1.0,0.272,0,1000,no_hr_loss,3,42,0.1610051672538932,7382,14999,9,False,report counts; no pre-registered numerical thinness cutoff
120,42.280674649188825,41.22869766463286,1.0,0.0,0,1000,no_hr_loss,3,42,0.1608451801980325,7431,4903,9,False,report counts; no pre-registered numerical thinness cutoff
60,17.046621047085836,17.575757575757578,1.0,0.054,0,1000,no_hr_loss,2,42,0.1610091476274606,7275,8092,9,False,report counts; no pre-registered numerical thinness cutoff
80,7.661324754774656,6.15384615384616,1.0,0.241,0,1000,no_hr_loss,2,42,0.1610114398767692,7304,17104,9,False,report counts; no pre-registered numerical thinness cutoff
120,42.41018121755255,41.63265306122449,1.0,0.0,0,1000,no_hr_loss,2,42,0.1622351249768129,7402,3181,9,False,report counts; no pre-registered numerical thinness cutoff
60,19.790336920227507,20.0,1.0,0.026,0,1000,no_hr_loss,1,42,0.1743265027621936,8183,7839,9,False,report counts; no pre-registered numerical thinness cutoff
80,6.23617295267401,5.333333333333329,1.0,0.283,0,1000,no_hr_loss,1,42,0.1737449343009867,8185,17596,9,False,report counts; no pre-registered numerical thinness cutoff
120,39.70943296704485,39.15789473684211,1.0,0.0,0,1000,no_hr_loss,1,42,0.1735185419478525,8241,3335,9,False,report counts; no pre-registered numerical thinness cutoff
60,18.381039309949024,18.367346938775512,1.0,0.047,0,1000,cvae,5,42,0.1736275595755194,7736,5587,7,False,report counts; no pre-registered numerical thinness cutoff
80,7.91438713195074,7.272727272727266,1.0,0.199,0,1000,cvae,5,42,0.1775116857423659,7978,14958,9,False,report counts; no pre-registered numerical thinness cutoff
120,33.85645476190044,32.727272727272734,1.0,0.0,0,1000,cvae,5,42,0.1947345270315011,9029,5564,9,False,report counts; no pre-registered numerical thinness cutoff
60,9.628343223365682,7.964601769911511,1.0,0.185,0,1000,cvae,5,44,0.1985630058402266,6981,5587,7,False,report counts; no pre-registered numerical thinness cutoff
80,12.83179137927378,12.631578947368425,1.0,0.073,0,1000,cvae,5,44,0.2008498225152618,7168,14958,9,False,report counts; no pre-registered numerical thinness cutoff
120,42.39980075615324,46.15384615384616,1.0,0.014,0,1000,cvae,5,44,0.2172634865077528,8477,5564,9,False,report counts; no pre-registered numerical thinness cutoff
60,18.55861814708924,19.17525773195877,1.0,0.057,0,1000,cvae,5,43,0.177642788449044,7644,5587,7,False,report counts; no pre-registered numerical thinness cutoff
80,7.883293677968142,6.292134831460672,1.0,0.18,0,1000,cvae,5,43,0.1819584331564896,7855,14958,9,False,report counts; no pre-registered numerical thinness cutoff
120,35.00168141599555,32.727272727272734,1.0,0.003,0,1000,cvae,5,43,0.1992516279338905,8924,5564,9,False,report counts; no pre-registered numerical thinness cutoff
60,19.928689155154007,20.84210526315789,1.0,0.042,0,1000,cvae,4,42,0.1748186682517408,7442,5555,7,False,report counts; no pre-registered numerical thinness cutoff
80,7.981651870835679,6.15384615384616,1.0,0.277,0,1000,cvae,4,42,0.176366004380729,7490,16505,9,False,report counts; no pre-registered numerical thinness cutoff
120,37.02132680497738,36.52173913043478,1.0,0.0,0,1000,cvae,4,42,0.1816700110647282,8104,4578,9,False,report counts; no pre-registered numerical thinness cutoff
60,16.46677760775137,16.799999999999997,1.0,0.06,0,1000,cvae,4,44,0.1639849256427852,6919,5555,7,False,report counts; no pre-registered numerical thinness cutoff
80,7.776248143607089,5.4368932038835,1.0,0.298,0,1000,cvae,4,44,0.1647841793543103,7065,16505,9,False,report counts; no pre-registered numerical thinness cutoff
120,39.04366244838347,38.29787234042553,1.0,0.0,0,1000,cvae,4,44,0.1685787335554365,7914,4578,9,False,report counts; no pre-registered numerical thinness cutoff
60,15.695240929557238,15.294117647058826,1.0,0.075,0,1000,cvae,4,43,0.1736843618663525,6895,5555,7,False,report counts; no pre-registered numerical thinness cutoff
80,8.71181221515957,6.857142857142861,1.0,0.258,0,1000,cvae,4,43,0.1766351879460903,6892,16505,9,False,report counts; no pre-registered numerical thinness cutoff
120,42.3470411675355,40.0,1.0,0.0,0,1000,cvae,4,43,0.185945736870413,7400,4578,9,False,report counts; no pre-registered numerical thinness cutoff
60,19.155407928948595,20.0,1.0,0.013,0,1000,cvae,3,42,0.1748353862699925,8052,5645,7,False,report counts; no pre-registered numerical thinness cutoff
80,6.08325762409784,5.333333333333329,1.0,0.279,0,1000,cvae,3,42,0.1788213155673229,8195,14999,9,False,report counts; no pre-registered numerical thinness cutoff
120,33.527530875300435,32.727272727272734,1.0,0.0,0,1000,cvae,3,42,0.1982079395821528,9210,4903,9,False,report counts; no pre-registered numerical thinness cutoff
60,22.26217770132568,23.47826086956522,1.0,0.011,0,1000,cvae,3,44,0.1735988533486416,8112,5645,7,False,report counts; no pre-registered numerical thinness cutoff
80,6.9279498605304175,6.292134831460672,1.0,0.213,0,1000,cvae,3,44,0.1768066943375278,8329,14999,9,False,report counts; no pre-registered numerical thinness cutoff
120,31.11499651351375,30.69767441860465,1.0,0.001,0,1000,cvae,3,44,0.1918862885186368,9248,4903,9,False,report counts; no pre-registered numerical thinness cutoff
60,19.086560806337413,20.0,1.0,0.021,0,1000,cvae,3,43,0.1822637936881041,7896,5645,7,False,report counts; no pre-registered numerical thinness cutoff
80,5.910829822416243,4.705882352941174,1.0,0.303,0,1000,cvae,3,43,0.1881819024740659,8043,14999,9,False,report counts; no pre-registered numerical thinness cutoff
120,35.44102266609575,35.604395604395606,1.0,0.0,0,1000,cvae,3,43,0.2106024126328607,8889,4903,9,False,report counts; no pre-registered numerical thinness cutoff
60,17.501218546709147,16.799999999999997,1.0,0.038,0,1000,cvae,2,42,0.1824528833195412,7880,8092,9,False,report counts; no pre-registered numerical thinness cutoff
80,6.8318113526637045,4.705882352941174,1.0,0.332,0,1000,cvae,2,42,0.1734674134855812,7581,17104,9,False,report counts; no pre-registered numerical thinness cutoff
120,27.618985304416537,28.57142857142857,1.0,0.083,0,1000,cvae,2,42,0.195648403845441,10118,3181,9,False,report counts; no pre-registered numerical thinness cutoff
60,10.57364511759355,9.189189189189191,1.0,0.114,0,1000,cvae,2,44,0.1713164885805714,7233,8092,9,False,report counts; no pre-registered numerical thinness cutoff
80,10.914707065635932,10.181818181818189,1.0,0.074,0,1000,cvae,2,44,0.1635452232039121,6825,17104,9,False,report counts; no pre-registered numerical thinness cutoff
120,34.356076993793145,40.0,1.0,0.037,0,1000,cvae,2,44,0.1988671545327011,9528,3181,9,False,report counts; no pre-registered numerical thinness cutoff
60,8.280073121409208,8.57142857142857,1.0,0.147,0,1000,cvae,2,43,0.1594495246716628,6639,8092,9,False,report counts; no pre-registered numerical thinness cutoff
80,13.48290774187289,12.631578947368425,0.999,0.024,1,1000,cvae,2,43,0.1582038265257617,6488,17104,9,False,report counts; no pre-registered numerical thinness cutoff
120,34.96746237910607,40.0,1.0,0.096,0,1000,cvae,2,43,0.1951056472550796,9377,3181,9,False,report counts; no pre-registered numerical thinness cutoff
60,23.747208163259,23.47826086956522,1.0,0.008,0,1000,cvae,1,42,0.1922305800983472,8912,7839,9,False,report counts; no pre-registered numerical thinness cutoff
80,8.02890894227119,7.272727272727266,1.0,0.211,0,1000,cvae,1,42,0.1963858671341796,9057,17596,9,False,report counts; no pre-registered numerical thinness cutoff
120,28.823656982713853,28.57142857142857,1.0,0.01,0,1000,cvae,1,42,0.2063580460150408,9734,3335,9,False,report counts; no pre-registered numerical thinness cutoff
60,25.311117619964243,25.33333333333333,1.0,0.003,0,1000,cvae,1,44,0.2040457442520389,9232,7839,9,False,report counts; no pre-registered numerical thinness cutoff
80,8.337511803773658,7.272727272727266,1.0,0.212,0,1000,cvae,1,44,0.2076557303944001,9390,17596,9,False,report counts; no pre-registered numerical thinness cutoff
120,28.42305362087,30.69767441860465,1.0,0.022,0,1000,cvae,1,44,0.2162431028478319,10055,3335,9,False,report counts; no pre-registered numerical thinness cutoff
60,23.5802926760708,23.47826086956522,1.0,0.009,0,1000,cvae,1,43,0.1898101303309536,8696,7839,9,False,report counts; no pre-registered numerical thinness cutoff
80,7.433235357542329,6.15384615384616,1.0,0.24,0,1000,cvae,1,43,0.194265329721193,8944,17596,9,False,report counts; no pre-registered numerical thinness cutoff
120,27.449971194162355,28.57142857142857,1.0,0.026,0,1000,cvae,1,43,0.2068698269453469,9998,3335,9,False,report counts; no pre-registered numerical thinness cutoff
60,9.528233629796851,0.0,0.986,0.861,14,1000,gaussian,5,42,0.2021936340912652,6631,5587,7,False,report counts; no pre-registered numerical thinness cutoff
80,3.580684659963386,0.0,0.991,0.947,9,1000,gaussian,5,42,0.1671468757529972,8793,14958,9,False,report counts; no pre-registered numerical thinness cutoff
120,0.0,0.0,0.997,0.997,3,1000,gaussian,5,42,0.1551499183549251,13682,5564,9,False,report counts; no pre-registered numerical thinness cutoff
60,8.27877236396905,0.0,0.986,0.871,14,1000,gaussian,5,44,0.1961082035741432,6546,5587,7,False,report counts; no pre-registered numerical thinness cutoff
80,3.6473718007522247,0.0,0.991,0.946,9,1000,gaussian,5,44,0.1634953647572604,8814,14958,9,False,report counts; no pre-registered numerical thinness cutoff
120,0.0,0.0,0.997,0.997,3,1000,gaussian,5,44,0.1504671055446256,13692,5564,9,False,report counts; no pre-registered numerical thinness cutoff
60,8.911850257657324,0.0,0.984,0.856,16,1000,gaussian,5,43,0.1983992063982115,6614,5587,7,False,report counts; no pre-registered numerical thinness cutoff
80,4.095215861796929,0.0,0.982,0.932,18,1000,gaussian,5,43,0.1657942994417522,8760,14958,9,False,report counts; no pre-registered numerical thinness cutoff
120,0.0,0.0,0.992,0.992,8,1000,gaussian,5,43,0.1490358349225372,13594,5564,9,False,report counts; no pre-registered numerical thinness cutoff
60,2.1377910148682253,0.0,0.976,0.945,24,1000,gaussian,4,42,0.1658807862376662,5699,5555,7,False,report counts; no pre-registered numerical thinness cutoff
80,1.140529531568228,0.0,0.982,0.968,18,1000,gaussian,4,42,0.150717907213494,8276,16505,9,False,report counts; no pre-registered numerical thinness cutoff
120,0.0,0.0,0.983,0.983,17,1000,gaussian,4,42,0.1453684647700951,13358,4578,9,False,report counts; no pre-registered numerical thinness cutoff
60,3.173733135550888,0.0,0.986,0.942,14,1000,gaussian,4,44,0.1744927249367556,5886,5555,7,False,report counts; no pre-registered numerical thinness cutoff
80,1.2981744421906694,0.0,0.986,0.97,14,1000,gaussian,4,44,0.1543189844394812,8346,16505,9,False,report counts; no pre-registered numerical thinness cutoff
120,0.0,0.0,0.987,0.987,13,1000,gaussian,4,44,0.1462089124374764,13442,4578,9,False,report counts; no pre-registered numerical thinness cutoff
60,2.513775172621064,0.0,0.978,0.942,22,1000,gaussian,4,43,0.1735159959193314,5748,5555,7,False,report counts; no pre-registered numerical thinness cutoff
80,1.1393692777212614,0.0,0.983,0.969,17,1000,gaussian,4,43,0.1562749836799337,8287,16505,9,False,report counts; no pre-registered numerical thinness cutoff
120,0.0,0.0,0.984,0.984,16,1000,gaussian,4,43,0.1505121568710127,13363,4578,9,False,report counts; no pre-registered numerical thinness cutoff
60,6.199347854211552,0.0,0.979,0.887,21,1000,gaussian,3,42,0.1787141195582811,6353,5645,7,False,report counts; no pre-registered numerical thinness cutoff
80,2.993105007347124,0.0,0.983,0.946,17,1000,gaussian,3,42,0.1547159774080437,8666,14999,9,False,report counts; no pre-registered numerical thinness cutoff
120,0.0,0.0,0.991,0.991,9,1000,gaussian,3,42,0.1418853153555852,13637,4903,9,False,report counts; no pre-registered numerical thinness cutoff
60,7.764699576562159,0.0,0.993,0.875,7,1000,gaussian,3,44,0.1835669960477581,6617,5645,7,False,report counts; no pre-registered numerical thinness cutoff
80,3.559150657229525,0.0,0.989,0.945,11,1000,gaussian,3,44,0.1516411138921722,8805,14999,9,False,report counts; no pre-registered numerical thinness cutoff
120,0.0,0.0,0.999,0.999,1,1000,gaussian,3,44,0.1389528494319095,13731,4903,9,False,report counts; no pre-registered numerical thinness cutoff
60,6.321823554391456,0.0,0.983,0.89,17,1000,gaussian,3,43,0.1776001641699131,6371,5645,7,False,report counts; no pre-registered numerical thinness cutoff
80,3.0284609008013263,0.0,0.987,0.95,13,1000,gaussian,3,43,0.1472820277760947,8704,14999,9,False,report counts; no pre-registered numerical thinness cutoff
120,0.0,0.0,0.994,0.994,6,1000,gaussian,3,43,0.1385073071652042,13658,4903,9,False,report counts; no pre-registered numerical thinness cutoff
60,6.471534716524519,0.0,0.986,0.895,14,1000,gaussian,2,42,0.182011921328972,6371,8092,9,False,report counts; no pre-registered numerical thinness cutoff
80,2.565651870787822,0.0,0.993,0.961,7,1000,gaussian,2,42,0.1535185106636146,8682,17104,9,False,report counts; no pre-registered numerical thinness cutoff
120,0.0,0.0,0.995,0.995,5,1000,gaussian,2,42,0.1395919249234889,13659,3181,9,False,report counts; no pre-registered numerical thinness cutoff
60,6.592432292911276,0.0,0.988,0.893,12,1000,gaussian,2,44,0.1760530051299258,6404,8092,9,False,report counts; no pre-registered numerical thinness cutoff
80,3.3492822966507174,0.0,0.988,0.947,12,1000,gaussian,2,44,0.150407550801188,8756,17104,9,False,report counts; no pre-registered numerical thinness cutoff
120,0.0,0.0,0.994,0.994,6,1000,gaussian,2,44,0.1404062081657767,13640,3181,9,False,report counts; no pre-registered numerical thinness cutoff
60,7.055347093781718,0.0,0.988,0.886,12,1000,gaussian,2,43,0.1797710092636933,6454,8092,9,False,report counts; no pre-registered numerical thinness cutoff
80,4.0469208211143695,0.0,0.992,0.942,8,1000,gaussian,2,43,0.1548988486866452,8853,17104,9,False,report counts; no pre-registered numerical thinness cutoff
120,0.0,0.0,0.996,0.996,4,1000,gaussian,2,43,0.1417045175580362,13672,3181,9,False,report counts; no pre-registered numerical thinness cutoff
60,10.517047541954312,0.0,0.969,0.83,31,1000,gaussian,1,42,0.1983010365739158,6749,7839,9,False,report counts; no pre-registered numerical thinness cutoff
80,2.341002536960896,0.0,0.994,0.965,6,1000,gaussian,1,42,0.1433465869621915,8810,17596,9,False,report counts; no pre-registered numerical thinness cutoff
120,0.0,0.0,1.0,1.0,0,1000,gaussian,1,42,0.138751070485356,13862,3335,9,False,report counts; no pre-registered numerical thinness cutoff
60,10.779123353060372,0.0,0.96,0.812,40,1000,gaussian,1,44,0.1986595080744742,6753,7839,9,False,report counts; no pre-registered numerical thinness cutoff
80,2.9894929191411603,0.0,0.995,0.958,5,1000,gaussian,1,44,0.1451617771684404,8912,17596,9,False,report counts; no pre-registered numerical thinness cutoff
120,0.0,0.0,1.0,1.0,0,1000,gaussian,1,44,0.1389867495126069,13861,3335,9,False,report counts; no pre-registered numerical thinness cutoff
60,9.86870662378784,0.0,0.966,0.828,34,1000,gaussian,1,43,0.1930435543062091,6722,7839,9,False,report counts; no pre-registered numerical thinness cutoff
80,3.7131110095934217,0.0,0.995,0.949,5,1000,gaussian,1,43,0.1495707654802569,8971,17596,9,False,report counts; no pre-registered numerical thinness cutoff
120,0.0,0.0,1.0,1.0,0,1000,gaussian,1,43,0.1370041633428003,13847,3335,9,False,report counts; no pre-registered numerical thinness cutoff
