fold,split,hr_lower,hr_upper,windows,subjects
1,test,0,20,0,0
1,test,20,40,0,0
1,test,40,60,838,3
1,test,60,80,5569,3
1,test,80,100,4982,3
1,test,100,120,1348,3
1,test,120,140,255,3
1,test,140,160,71,3
1,test,160,180,0,0
1,test,180,200,0,0
1,train,0,20,0,0
1,train,20,40,0,0
1,train,40,60,2784,9
1,train,60,80,15040,9
1,train,80,100,13717,9
1,train,100,120,5444,9
1,train,120,140,2040,8
1,train,140,160,647,6
1,train,160,180,95,2
1,train,180,200,0,0
1,val,0,20,0,0
1,val,20,40,0,0
1,val,40,60,117,1
1,val,60,80,964,2
1,val,80,100,3666,3
1,val,100,120,3091,3
1,val,120,140,2582,3
1,val,140,160,961,2
1,val,160,180,417,2
1,val,180,200,39,1
2,test,0,20,0,0
2,test,20,40,0,0
2,test,40,60,117,1
2,test,60,80,964,2
2,test,80,100,3666,3
2,test,100,120,3091,3
2,test,120,140,2582,3
2,test,140,160,961,2
2,test,160,180,417,2
2,test,180,200,39,1
2,train,0,20,0,0
2,train,20,40,0,0
2,train,40,60,2790,9
2,train,60,80,14562,9
2,train,80,100,14689,9
2,train,100,120,5309,9
2,train,120,140,1893,9
2,train,140,160,516,7
2,train,160,180,95,2
2,train,180,200,0,0
2,val,0,20,0,0
2,val,20,40,0,0
2,val,40,60,832,3
2,val,60,80,6047,3
2,val,80,100,4010,3
2,val,100,120,1483,3
2,val,120,140,402,2
2,val,140,160,202,2
2,val,160,180,0,0
2,val,180,200,0,0
3,test,0,20,0,0
3,test,20,40,0,0
3,test,40,60,832,3
3,test,60,80,6047,3
3,test,80,100,4010,3
3,test,100,120,1483,3
3,test,120,140,402,2
3,test,140,160,202,2
3,test,160,180,0,0
3,test,180,200,0,0
3,train,0,20,0,0
3,train,20,40,0,0
3,train,40,60,1795,7
3,train,60,80,11080,8
3,train,80,100,13483,9
3,train,100,120,6345,9
3,train,120,140,3471,9
3,train,140,160,1244,7
3,train,160,180,444,3
3,train,180,200,39,1
3,val,0,20,0,0
3,val,20,40,0,0
3,val,40,60,1112,3
3,val,60,80,4446,3
3,val,80,100,4872,3
3,val,100,120,2055,3
3,val,120,140,1004,3
3,val,140,160,233,2
3,val,160,180,68,1
3,val,180,200,0,0
4,test,0,20,0,0
4,test,20,40,0,0
4,test,40,60,1112,3
4,test,60,80,4446,3
4,test,80,100,4872,3
4,test,100,120,2055,3
4,test,120,140,1004,3
4,test,140,160,233,2
4,test,160,180,68,1
4,test,180,200,0,0
4,train,0,20,0,0
4,train,20,40,0,0
4,train,40,60,1787,7
4,train,60,80,12580,8
4,train,80,100,12658,9
4,train,100,120,5922,9
4,train,120,140,3239,8
4,train,140,160,1234,7
4,train,160,180,417,2
4,train,180,200,39,1
4,val,0,20,0,0
4,val,20,40,0,0
4,val,40,60,840,3
4,val,60,80,4547,3
4,val,80,100,4835,3
4,val,100,120,1906,3
4,val,120,140,634,3
4,val,140,160,212,2
4,val,160,180,27,1
4,val,180,200,0,0
5,test,0,20,0,0
5,test,20,40,0,0
5,test,40,60,840,3
5,test,60,80,4547,3
5,test,80,100,4835,3
5,test,100,120,1906,3
5,test,120,140,634,3
5,test,140,160,212,2
5,test,160,180,27,1
5,test,180,200,0,0
5,train,0,20,0,0
5,train,20,40,0,0
5,train,40,60,2061,7
5,train,60,80,11457,8
5,train,80,100,12548,9
5,train,100,120,6629,9
5,train,120,140,3988,8
5,train,140,160,1396,6
5,train,160,180,485,3
5,train,180,200,39,1
5,val,0,20,0,0
5,val,20,40,0,0
5,val,40,60,838,3
5,val,60,80,5569,3
5,val,80,100,4982,3
5,val,100,120,1348,3
5,val,120,140,255,3
5,val,140,160,71,3
5,val,160,180,0,0
5,val,180,200,0,0
