method,target_hr,median_error_mean,failed_total,windows_total
cvae,60,17.918144203567284,0,15000
cvae,80,7.279616931039502,1,15000
cvae,120,34.79128706416102,0,15000
gaussian,60,0.0,292,15000
gaussian,80,0.0,169,15000
gaussian,120,0.0,91,15000
no_condition,60,16.54507235338918,0,5000
no_condition,80,5.9094681275976715,0,5000
no_condition,120,43.73359237810574,0,5000
no_hr_loss,60,16.88824354441605,0,5000
no_hr_loss,80,6.487844841242901,1,5000
no_hr_loss,120,42.82162687031767,1,5000
