fold,split,motion_level,windows_before,windows_after,rejection_rate,motion_rms_median_g
1,test,high,3703,3699,0.001080205238995409,0.545254274391323
1,test,low,4617,4616,0.00021659085986571366,0.0403715148224669
1,test,medium,4749,4748,0.0002105706464518846,0.2980665025460315
1,train,high,13262,13250,0.0009048408988086261,0.5921561412925201
1,train,low,13262,13259,0.00022621022470215653,0.033488728185547254
1,train,medium,13261,13258,0.00022622728301033106,0.2989927661098028
1,val,high,4373,4369,0.000914703864623828,0.6122562261504721
1,val,low,3045,3045,0.0,0.0486963401036046
1,val,medium,4425,4423,0.0004519774011299435,0.2865952930178048
2,test,high,4515,4511,0.0008859357696566999,0.6050479257089469
2,test,low,2905,2905,0.0,0.0456803599334697
2,test,medium,4423,4421,0.0004521817770743839,0.2793806657280637
2,train,high,13291,13279,0.0009028666014596344,0.5675933040366584
2,train,low,13291,13288,0.0002257166503649086,0.0298170950325384
2,train,medium,13290,13287,0.0002257336343115124,0.29370107347619956
2,val,high,4304,4300,0.0009293680297397769,0.5952140097492273
2,val,low,3922,3921,0.00025497195308516065,0.0400380779326327
2,val,medium,4756,4755,0.00021026072329688813,0.28250454506825295
3,test,high,4294,4290,0.0009315323707498836,0.5956489234753621
3,test,low,4374,4373,0.00022862368541380886,0.0534296334446282
3,test,medium,4314,4313,0.0002318034306907742,0.2931082233084181
3,train,high,12640,12628,0.0009493670886075949,0.5702519979555158
3,train,low,12640,12638,0.00015822784810126583,0.0430116869667258
3,train,medium,12639,12635,0.0003164807342353034,0.2958972729449127
3,val,high,5109,5105,0.0007829320806420043,0.594261159589656
3,val,low,4750,4749,0.0002105263157894737,0.02968796894192885
3,val,medium,3937,3936,0.000254000508001016,0.3046685115081356
4,test,high,5092,5088,0.0007855459544383347,0.5948626307108461
4,test,low,4806,4805,0.00020807324178110696,0.03056929096469145
4,test,medium,3898,3897,0.0002565418163160595,0.30648023448320916
4,train,high,12631,12619,0.0009500435436624178,0.5795854441372134
4,train,low,12632,12630,0.00015832805573147562,0.0529522651667793
4,train,medium,12631,12627,0.00031668118122080597,0.29560766001892
4,val,high,4246,4242,0.0009420631182289214,0.566717341068756
4,val,low,4684,4683,0.0002134927412467976,0.0350089614304772
4,val,medium,4077,4076,0.0002452783909737552,0.304222865280115
5,test,high,3828,3824,0.0010449320794148381,0.5866722123577413
5,test,low,4758,4757,0.0002101723413198823,0.03644585945138565
5,test,medium,4421,4420,0.00022619316896629722,0.3190393616396815
5,train,high,12874,12862,0.0009321112319403449,0.6151674400546634
5,train,low,12874,12872,0.00015535187199005747,0.047299646507989096
5,train,medium,12873,12869,0.0003107278800590383,0.307306544568735
5,val,high,3466,3462,0.001154068090017311,0.554561838435262
5,val,low,4952,4951,0.00020193861066235866,0.04773686707999455
5,val,medium,4651,4650,0.00021500752526338422,0.3102128613788181
