fold,split,target_hr,windows,subjects,outside_train,coverage_note
1,test,60,2741,3,False,report counts; no pre-registered numerical thinness cutoff
1,test,80,6555,3,False,report counts; no pre-registered numerical thinness cutoff
1,test,120,572,3,False,report counts; no pre-registered numerical thinness cutoff
1,train,60,7839,9,False,report counts; no pre-registered numerical thinness cutoff
1,train,80,17596,9,False,report counts; no pre-registered numerical thinness cutoff
1,train,120,3335,9,False,report counts; no pre-registered numerical thinness cutoff
1,val,60,326,1,False,report counts; no pre-registered numerical thinness cutoff
1,val,80,2903,3,False,report counts; no pre-registered numerical thinness cutoff
1,val,120,3280,3,False,report counts; no pre-registered numerical thinness cutoff
2,test,60,326,1,False,report counts; no pre-registered numerical thinness cutoff
2,test,80,2903,3,False,report counts; no pre-registered numerical thinness cutoff
2,test,120,3280,3,False,report counts; no pre-registered numerical thinness cutoff
2,train,60,8092,9,False,report counts; no pre-registered numerical thinness cutoff
2,train,80,17104,9,False,report counts; no pre-registered numerical thinness cutoff
2,train,120,3181,9,False,report counts; no pre-registered numerical thinness cutoff
2,val,60,2488,3,False,report counts; no pre-registered numerical thinness cutoff
2,val,80,7047,3,False,report counts; no pre-registered numerical thinness cutoff
2,val,120,726,3,False,report counts; no pre-registered numerical thinness cutoff
3,test,60,2488,3,False,report counts; no pre-registered numerical thinness cutoff
3,test,80,7047,3,False,report counts; no pre-registered numerical thinness cutoff
3,test,120,726,3,False,report counts; no pre-registered numerical thinness cutoff
3,train,60,5645,7,False,report counts; no pre-registered numerical thinness cutoff
3,train,80,14999,9,False,report counts; no pre-registered numerical thinness cutoff
3,train,120,4903,9,False,report counts; no pre-registered numerical thinness cutoff
3,val,60,2773,3,False,report counts; no pre-registered numerical thinness cutoff
3,val,80,5008,3,False,report counts; no pre-registered numerical thinness cutoff
3,val,120,1558,3,False,report counts; no pre-registered numerical thinness cutoff
4,test,60,2773,3,False,report counts; no pre-registered numerical thinness cutoff
4,test,80,5008,3,False,report counts; no pre-registered numerical thinness cutoff
4,test,120,1558,3,False,report counts; no pre-registered numerical thinness cutoff
4,train,60,5555,7,False,report counts; no pre-registered numerical thinness cutoff
4,train,80,16505,9,False,report counts; no pre-registered numerical thinness cutoff
4,train,120,4578,9,False,report counts; no pre-registered numerical thinness cutoff
4,val,60,2578,3,False,report counts; no pre-registered numerical thinness cutoff
4,val,80,5541,3,False,report counts; no pre-registered numerical thinness cutoff
4,val,120,1051,3,False,report counts; no pre-registered numerical thinness cutoff
5,test,60,2578,3,False,report counts; no pre-registered numerical thinness cutoff
5,test,80,5541,3,False,report counts; no pre-registered numerical thinness cutoff
5,test,120,1051,3,False,report counts; no pre-registered numerical thinness cutoff
5,train,60,5587,7,False,report counts; no pre-registered numerical thinness cutoff
5,train,80,14958,9,False,report counts; no pre-registered numerical thinness cutoff
5,train,120,5564,9,False,report counts; no pre-registered numerical thinness cutoff
5,val,60,2741,3,False,report counts; no pre-registered numerical thinness cutoff
5,val,80,6555,3,False,report counts; no pre-registered numerical thinness cutoff
5,val,120,572,3,False,report counts; no pre-registered numerical thinness cutoff
