split,subject_id,total_windows,valid_windows,hr_min,hr_max
test,S13,4565,4563,46.04542541503906,159.09844970703125
test,S14,4476,4474,56.70077896118164,162.4089813232422
test,S15,3966,3964,42.168888092041016,138.50283813476562
train,S10,5321,5319,56.35416793823242,146.3728485107422
train,S11,4521,4519,54.706485748291016,171.08505249023438
train,S12,3954,3952,41.69084930419922,120.53887176513672
train,S4,4572,4570,56.15567398071289,131.9903106689453
train,S5,4649,4647,82.46631622314453,187.0154266357422
train,S6,2622,2620,76.8501205444336,174.31564331054688
train,S7,4668,4666,48.63469314575195,152.9134063720703
train,S8,4037,4035,45.39897537231445,115.50273895263672
train,S9,4277,4275,54.846065521240234,154.27723693847656
val,S1,4603,4601,41.86246871948242,150.15457153320312
val,S2,4099,4097,56.85519790649414,149.24818420410156
val,S3,4367,4365,44.46814727783203,148.7173309326172
