epoch,beta_effective,train_L_rec,train_L_KL,train_L_HR_rec,train_L_HR_prior,train_L_total,val_L_rec,val_L_KL,val_L_HR_rec,val_L_HR_prior,val_L_total
1,0.010000000000000002,1.019085649483393,0.5726706461931679,0.11460176780275877,0.0,1.1394141211125401,0.7278231297850462,1.0109215795479338,0.0286320836275228,0.0,0.8575473721018555
2,0.020000000000000004,1.005576247852362,0.6593607670389692,0.02121080105330038,0.0,1.0399742637173783,0.7244087198218641,0.6346157669433096,0.027137151311821178,0.0,0.8150074470204872
3,0.03,0.9924620635392118,0.5346032734282635,0.021941015525546358,0.0,1.030441176022697,0.7014914953899737,0.6162381684074566,0.01649304981424982,0.0,0.7796083598336809
4,0.04000000000000001,0.858311309666451,0.9457553570069652,0.04279969326556163,0.0,0.9389412184483541,0.5648943945012169,0.982156025202148,0.027570614262809,0.0,0.6906806046806928
5,0.05,0.746814187967383,1.0812685445325698,0.04081755273132722,0.0,0.8416951679217868,0.5264988781197592,0.9373057216369121,0.027829434424087533,0.0,0.6480588821829761
6,0.06,0.6876690393409015,1.102894234377316,0.038334426037739504,0.0,0.7921771193140514,0.4947096536765116,0.9290661481100004,0.026534643028799616,0.0,0.614150911312362
7,0.06999999999999999,0.6645589810328949,1.0390867403508692,0.03446393756757398,0.0,0.7717589899181942,0.4907653796246549,0.8731631110393604,0.04653992592994441,0.0,0.6246216221449554
8,0.08000000000000002,0.6622011218061652,0.958945839716259,0.03461203717883169,0.0,0.7735288237887677,0.4862908263094769,0.803755952015464,0.026248973951607243,0.0,0.5929153988599484
9,0.09000000000000001,0.6614358439467989,0.8908250175291963,0.032829707318576394,0.0,0.7744398054281193,0.4844255516473227,0.7831477783758161,0.024187728397447143,0.0,0.5869280620215118
10,0.1,0.6611637922736042,0.8317680594200484,0.032737281310499695,0.0,0.7770778790206793,0.48399053468069225,0.6898549585689305,0.024198653096041464,0.0,0.577174682284989
11,0.1,0.657879859524627,0.8080873296660093,0.03280806766003452,0.0,0.7714966591951413,0.48691110333149884,0.6255563942924528,0.026426735507501187,0.0,0.5758934819889422
12,0.1,0.6545614379374891,0.7916587741476548,0.03170035097578106,0.0,0.7654276667437121,0.48645677842870444,0.6616418189684942,0.026616999817467794,0.0,0.5792379596083438
13,0.1,0.650791617800673,0.7754318113518939,0.03131269335854447,0.0,0.7596474916151166,0.4799239902990226,0.6409514904316198,0.022444757411277102,0.0,0.5664639013616136
14,0.1,0.6465102350645419,0.7656978251685547,0.030736655259158408,0.0,0.7538166710088129,0.4813522971734754,0.5940069552928982,0.02555705422280602,0.0,0.5663100490587707
15,0.1,0.6428890070518237,0.7461377993609666,0.030271026031743472,0.0,0.7477738125693836,0.4776936618085266,0.5947426364983348,0.028481291866552374,0.0,0.5656492162573941
16,0.1,0.6376264501115708,0.7364108863738104,0.030837288495662994,0.0,0.7421048281782275,0.4721748078868951,0.5853827153269372,0.026843073243865544,0.0,0.5575561535196739
17,0.1,0.6315089062206982,0.7270636387169735,0.0301451012305233,0.0,0.734360373001627,0.4680066117523043,0.5965815368401284,0.023323165383718165,0.0,0.5509879375209644
18,0.1,0.6250855824888372,0.725921964354646,0.028048508254354176,0.0,0.7257262888056172,0.4671591210526985,0.5917314202806071,0.022446625756901376,0.0,0.5487788936212824
19,0.1,0.6206913526151401,0.7222968542271337,0.02722356186130632,0.0,0.7201445999797339,0.45988242623985326,0.6057017350020449,0.023746510418694647,0.0,0.5441991140751303
20,0.1,0.6174112337797472,0.7218900387104201,0.02515587339742027,0.0,0.7147561086428389,0.45947304632601993,0.5748539053996894,0.02270874489470857,0.0,0.5396671822861884
21,0.1,0.6146494737832972,0.7208556714871276,0.0246731197336138,0.0,0.7114081625961867,0.4583331865020804,0.5830704717542035,0.023524519311018406,0.0,0.5401647503955149
22,0.1,0.6126838325048322,0.7189421040801114,0.02311302961269106,0.0,0.7076910727237168,0.45623531232044817,0.6103086172431965,0.01814274356210129,0.0,0.5354089203362988
23,0.1,0.6102470859310167,0.7235813001062793,0.02320029741298846,0.0,0.7058055157667898,0.4573031864536676,0.5783900419381044,0.01762417828349532,0.0,0.5327663661225363
24,0.1,0.6084552318128441,0.7190966523644221,0.02277123778792992,0.0,0.7031361342774599,0.4544639521256622,0.5792635463168971,0.020531395985371674,0.0,0.5329217054546982
25,0.1,0.6066606741378195,0.7173463666158486,0.02192212151326196,0.0,0.7003174324715712,0.45391016742892093,0.5752319087597063,0.016997754429128254,0.0,0.5284311127574465
26,0.1,0.6049084771910033,0.7210588396424099,0.02123944106866363,0.0,0.6982538026107945,0.4537797767195837,0.5912848622084546,0.022376463464868934,0.0,0.5352847290244849
27,0.1,0.6035534241796886,0.7188033765980069,0.021526446032532783,0.0,0.6969602087362774,0.4519444215312398,0.5979737940022742,0.020183594118799147,0.0,0.5319254003676475
28,0.1,0.6018049443289155,0.7199781793098404,0.021596099566566385,0.0,0.6953988621709529,0.452716770654248,0.5876732060706424,0.015826857856643627,0.0,0.5273109492185525
29,0.1,0.6005135518988753,0.7182332580211728,0.020836004614586987,0.0,0.6931728815633988,0.4526488567104175,0.5878040812606435,0.017597118506274666,0.0,0.5290263824339418
30,0.1,0.5990121112589124,0.7195661335311627,0.021078118751582754,0.0,0.6920468444543529,0.45143920936508036,0.5962022634087597,0.024305419681729282,0.0,0.5353648581722368
31,0.1,0.5979048763777803,0.7201014678130191,0.020491453681056825,0.0,0.6904064777348855,0.4507387518221294,0.5900963806488658,0.0159201534182458,0.0,0.5256685444811857
32,0.1,0.5966003108127492,0.7188718051979077,0.020702975351160956,0.0,0.6891904664319584,0.45141610734706744,0.5930099659283564,0.02325486787049382,0.0,0.5339719754553017
33,0.1,0.5953319997138277,0.7222821759783977,0.020446032252881132,0.0,0.68800624881248,0.4507137088314085,0.6030123352857465,0.01861898215205102,0.0,0.5296339254490985
34,0.1,0.5943337740257787,0.7191231936603708,0.01922768895514917,0.0,0.6854737831076144,0.4475960390855881,0.6031890534296283,0.015887238444707616,0.0,0.5238021809134619
35,0.1,0.5929927595130605,0.7200672022971039,0.01920982861244833,0.0,0.6842093072731054,0.44783999722189144,0.6256374000180076,0.015781470600850927,0.0,0.5261852020988042
36,0.1,0.5915048970666216,0.7230744638887837,0.019320589821364496,0.0,0.6831329312662883,0.4480850981725277,0.6124001211508576,0.016737365380903355,0.0,0.5260624745918114
37,0.1,0.5905074815165771,0.7247928017032974,0.01910035700871011,0.0,0.6820871170826861,0.44860051041319693,0.5923867926791623,0.01900768477777444,0.0,0.5268468765677418
38,0.1,0.5892521749295598,0.7261498761038274,0.019022239902502482,0.0,0.6808894049889792,0.44866792514056664,0.5939313443021621,0.022280209822954585,0.0,0.5303412710400309
39,0.1,0.588206375196203,0.7270084866979929,0.019238545082398473,0.0,0.6801457704265149,0.45005386248322804,0.5892188198469424,0.014638769487435808,0.0,0.5236145135212767
40,0.1,0.586927718894148,0.7277187193403781,0.019086327734212392,0.0,0.678785919785685,0.4468636103755302,0.6148880634884064,0.015089639900057001,0.0,0.5234420544269199
41,0.1,0.5856949832613269,0.7290623507383878,0.018907664275479106,0.0,0.6775088843294529,0.4472901025182957,0.6252186288081026,0.019447373968127624,0.0,0.5292593356125451
42,0.1,0.585033986617446,0.728073246188175,0.018720916921935882,0.0,0.6765622290036105,0.44952740897820703,0.5856926919646681,0.017369203997543943,0.0,0.5254658806044723
43,0.1,0.5837086203669367,0.7306818542588389,0.018098284858177747,0.0,0.6748750908331594,0.44938805559707484,0.6041136347262692,0.01502155065283859,0.0,0.5248209681963656
44,0.1,0.5826482901177392,0.7289247855812546,0.01870462270510124,0.0,0.6742453918847316,0.4481397856545948,0.6091251049176979,0.02063253312687471,0.0,0.5296848310495276
45,0.1,0.581443726277635,0.7312029288465609,0.0184893118752349,0.0,0.6730533310064928,0.4494338387625726,0.6106359752861992,0.015628152010151622,0.0,0.5261255900310088
46,0.1,0.5810004915063797,0.7306175042264776,0.019031054782105136,0.0,0.673093295838558,0.4481570167988355,0.5856958820258351,0.015034734433385946,0.0,0.5217613432322125
47,0.1,0.5793660064226244,0.7313101137911387,0.018057106734563472,0.0,0.6705541224650051,0.44766209466536744,0.601090183607894,0.015050119820306981,0.0,0.5228212318496845
48,0.1,0.5784075111292821,0.7335848972981289,0.01888464617119441,0.0,0.6706506462991402,0.4503646642153419,0.5830814398907851,0.014780918057001989,0.0,0.5234537362023435
49,0.1,0.5770238498506696,0.7355504897550446,0.018239384256002324,0.0,0.6688182809226408,0.4488738713517289,0.5932645535351463,0.013855717196582866,0.0,0.522056043515517
50,0.1,0.5767365066592498,0.7345351667496781,0.018648562047398922,0.0,0.6688385854376633,0.44736690038376464,0.6197539617189203,0.019610807901356282,0.0,0.5289531041455768
51,0.1,0.575380067055515,0.7341694680196843,0.01796892410423789,0.0,0.666765939228006,0.4479950846858442,0.6025849282374071,0.015051042996392885,0.0,0.5233046211825934
52,0.1,0.574678592111293,0.7364728336034635,0.01817313393183195,0.0,0.6664990117894836,0.44864248884003494,0.6252229246052508,0.016245857244024442,0.0,0.5274106357453343
53,0.1,0.5739907949075604,0.7366181161966351,0.018727707790673818,0.0,0.6663803162882618,0.45112968082786636,0.5821923659850284,0.017862600094090995,0.0,0.5272115158828943
54,0.1,0.5728179037678635,0.7393511584197882,0.01811753494386756,0.0,0.6648705557782119,0.44790540604350304,0.5918570473955533,0.02070416505741353,0.0,0.5277952784821667
55,0.1,0.5715951190881629,0.7404106034022684,0.018576440608933056,0.0,0.6642126227762813,0.44878704847742684,0.6092824215659672,0.01789188688292493,0.0,0.5276071795993904
56,0.1,0.5708013663009806,0.7417141413846592,0.018860047356149698,0.0,0.6638328277287627,0.44794896674949936,0.6347636469489402,0.016350009293742158,0.0,0.527775339295332
57,0.1,0.5597018837082276,0.775601936297762,0.019866414723912516,0.0,0.6571284923729586,0.432024672241599,0.6535584030698172,0.01636694687270501,0.0,0.5137474577318137
58,0.1,0.549872410807684,0.795285617305564,0.01948354669803643,0.0,0.6488845204992338,0.4285703806709567,0.6911651467865404,0.01553495085893518,0.0,0.5132218480257159
59,0.1,0.5463700679694917,0.8026782103242174,0.01950564315106899,0.0,0.6461435316132669,0.42739690037308725,0.6691776536101919,0.01549764110967425,0.0,0.5098123065346414
60,0.1,0.544295899841809,0.8037476793022039,0.01968066596811227,0.0,0.6443513324569757,0.4271837424408787,0.6780600818253034,0.016530464806406773,0.0,0.5115202201573975
61,0.1,0.5423245928572503,0.8045071831833265,0.01902612083195988,0.0,0.6418014324518407,0.4289425133041918,0.6769114302795118,0.015811246739408754,0.0,0.5124449053763167
62,0.1,0.5403592155851566,0.8050672520228179,0.019183827181346574,0.0,0.6400497672806336,0.4273216416818146,0.6586845134248275,0.017480355720741976,0.0,0.510670452611808
63,0.1,0.5386363349856068,0.8075256616111957,0.018905626580009955,0.0,0.6382945268806335,0.4274027982931102,0.6645666917214117,0.017970391040445108,0.0,0.5118298614363194
64,0.1,0.5370740711123668,0.8096648263382099,0.019785403962945647,0.0,0.6378259590106763,0.4271718609053756,0.6592738442444478,0.01886691080472913,0.0,0.5119661545488896
65,0.1,0.5354922164364084,0.8093712743899476,0.019168835896898627,0.0,0.6355981797588603,0.42560458249434296,0.696353142417315,0.01690372858430763,0.0,0.5121436252105985
66,0.1,0.5344387961234391,0.8079151661736899,0.019378550689881143,0.0,0.6346088660435149,0.4270852542540883,0.6865679196158996,0.015432344651959019,0.0,0.5111743902601531
67,0.1,0.5311623732665709,0.8177224130071028,0.01937708520962042,0.0,0.632311700993907,0.4158145209128995,0.7072522240414132,0.018776986729606305,0.0,0.5053167345344506
68,0.1,0.5176005944166204,0.8542154514586782,0.020590035503930865,0.0,0.6236121747385703,0.40993030981129697,0.6876278491702239,0.019092993419181036,0.0,0.4977860915234586
69,0.1,0.5109800437100109,0.8637703924140312,0.02098896809044928,0.0,0.6183460498290455,0.4057379120228176,0.6966916524820057,0.01848798351300336,0.0,0.49389506621072676
70,0.1,0.5073643979039405,0.8682390323140854,0.02015306915482719,0.0,0.6143413693611625,0.40419672424049474,0.724495269367345,0.0179151144595277,0.0,0.49456136507405896
71,0.1,0.5052011165116025,0.8697610884050888,0.020370659030349136,0.0,0.6125478841120979,0.40792932426591394,0.7247525055958223,0.01910372209906321,0.0,0.4995082998981311
72,0.1,0.5030271426196943,0.872852371580932,0.020520906511316748,0.0,0.6108332854623316,0.40383195652914694,0.735245663787522,0.019294059241670568,0.0,0.4966505823241209
73,0.1,0.501581048218564,0.8729960064004535,0.0200587144671058,0.0,0.6089393616817417,0.4009087557012144,0.7561269875813353,0.019754841225508843,0.0,0.49627629763983033
74,0.1,0.5004121015785796,0.8746718885087749,0.020137546158238626,0.0,0.6080168372007694,0.4054070414950022,0.7058925841798324,0.01978915672790622,0.0,0.4957854598576867
75,0.1,0.49900046182527064,0.8762164622486915,0.020569716662422004,0.0,0.6071918254520301,0.40190055021963345,0.747205470625481,0.0196151771478162,0.0,0.49623627881674526
76,0.1,0.49791491172829005,0.877999885523619,0.020480851508232447,0.0,0.6061957504635993,0.4052267794838375,0.7276589785198395,0.01921878472595268,0.0,0.4972114616639811
77,0.1,0.49708285318325723,0.8793146641427793,0.0203194506627163,0.0,0.6053337701864823,0.40321218124079794,0.7195273194595271,0.02003450983958422,0.0,0.49519942125762584
78,0.1,0.4960986291847137,0.8807300826726343,0.02008282580304168,0.0,0.6042544643692409,0.4034841129172745,0.7322106587019567,0.016632557862682862,0.0,0.4933377396310743
79,0.1,0.49441944855588876,0.8800202422956339,0.020060555587005358,0.0,0.6024820279559399,0.40494313549466254,0.7377433548285253,0.01831478734171126,0.0,0.49703226165912595
80,0.1,0.49338515845790176,0.8850565232329417,0.02048296129490178,0.0,0.6023737730889945,0.40600327054169555,0.7393894678420408,0.01889879503844331,0.0,0.4988410114213071
81,0.1,0.49263575259128184,0.880789045946067,0.019772137928633138,0.0,0.6004867947824853,0.40421220516893924,0.7310705376759117,0.016410126446134213,0.0,0.49372938639138686
82,0.1,0.49211042803714666,0.8816917849423361,0.020208445997797385,0.0,0.6004880513944849,0.40256641898878404,0.7727542503400443,0.01721001019111103,0.0,0.4970518537279122
83,0.1,0.4905959404393662,0.8845246609194002,0.019800067931744922,0.0,0.5988484738719813,0.40513991677511196,0.7203140244090013,0.01796439224130643,0.0,0.49513571506363835
84,0.1,0.49006266251775465,0.8839153731115166,0.020188880756605066,0.0,0.5986430807228986,0.4058335467199215,0.7418620282124944,0.02386078020987249,0.0,0.5038805330578702
85,0.1,0.4891078267811999,0.8859803699906282,0.020483210415254513,0.0,0.5981890769474313,0.4066785164590829,0.6879074685964572,0.018038848520666544,0.0,0.49350811417975937
86,0.1,0.4884442310329184,0.8849339739894786,0.020706807305492243,0.0,0.597644435642726,0.4045991607276785,0.7275484837086368,0.017697491339705287,0.0,0.4950514953909614
87,0.1,0.48787357348975074,0.8860955454153753,0.01994142403061785,0.0,0.5964245512792157,0.40661118246624117,0.708936763309521,0.01700614641033545,0.0,0.4945110020155383
88,0.1,0.48644360232450123,0.8882370746015468,0.020292149591502457,0.0,0.5955594583516521,0.4077181889228844,0.7075205663570493,0.023386288769589106,0.0,0.5018565351219272
89,0.1,0.48626391826465865,0.8876093554354386,0.02008027447833538,0.0,0.5951051289596028,0.40291052081067524,0.7646594810427043,0.017336594255505596,0.0,0.4967130647487617
90,0.1,0.4855181690758444,0.8884200027668931,0.01999100207010858,0.0,0.5943511711400721,0.40256578715015134,0.7651862682161437,0.0181092856183152,0.0,0.4971936978629426
